,Sample,Condition,Concentration,Time,splist,sp1OD,sp2OD,sp3OD,sp4OD,sp5OD,sp6OD,sp7OD,sp8OD,sp9OD,sp10OD,sp11OD,sp12OD,sp13OD,sp14OD
3,P17B06,SEHE32_3_DP-,24,48,"['1', '4', '12']",0.010203545051698671,0.0,0.0,0.007787592319054652,0.0,0.0,0.0,0.0,0.0,0.0,0.0,0.016526144756277696,0.0,0.0
5,P17B03,SEHE32_2_DP,24,48,"['1', '3', '4']",0.35799809604599653,0.0,3.3856449408548945e-05,0.0007956265611009002,0.0,0.0,0.0,0.0,0.0,0.0,0.0,0.0,0.0,0.0
11,P17B04,SEHE32_2_DP-,24,48,"['1', '4']",0.1007656513431494,0.0,0.0,0.0014386871979318876,0.0,0.0,0.0,0.0,0.0,0.0,0.0,0.0,0.0,0.0
13,P17A03,SEHE32_2_DP,48,48,"['1', '3', '4']",0.017923141186299084,0.0,0.0006817042606516291,0.014798663324979115,0.0,0.0,0.0,0.0,0.0,0.0,0.0,0.0,0.0,0.0
14,P17A11,SEHE32_6_DP,48,48,"['1', '3', '4', '7']",0.005014714344430743,0.0,0.00038191533086724195,0.0097803534730785,0.0,0.0,0.02499054665022605,0.0,0.0,0.0,0.0,0.0,0.0,0.0
15,P17A04,SEHE32_2_DP-,48,48,"['1', '4']",0.01499705400981996,0.0,0.0,0.012264157119476263,0.0,0.0,0.0,0.0,0.0,0.0,0.0,0.0,0.0,0.0
16,P17A05,SEHE32_3_DP,48,48,"['1', '3', '4', '12']",0.008035428571428568,0.0,0.0005417142857142856,0.006951999999999997,0.0,0.0,0.0,0.0,0.0,0.0,0.0,0.015589333333333328,0.0,0.0
17,P17A06,SEHE32_3_DP-,48,48,"['1', '4', '12']",0.005877830637488109,0.0,0.0,0.006606279733587063,0.0,0.0,0.0,0.0,0.0,0.0,0.0,0.013363273073263566,0.0,0.0
19,P17A12,SEHE32_6_DP-,48,48,"['1', '4', '7']",0.0039226519337016595,0.0,0.0,0.007169400764980878,0.0,0.0,0.01709069273268169,0.0,0.0,0.0,0.0,0.0,0.0,0.0
20,P17B05,SEHE32_3_DP,24,48,"['1', '3', '4', '12']",0.20833540058930827,0.0,5.926757401431177e-05,0.0007803563911884384,0.0,0.0,0.0,0.0,0.0,0.0,0.0,0.0018570506524484354,0.0,0.0
22,P17D03,SEHE32_2_DP,6,48,"['1', '3', '4']",0.22029372621719193,0.0,2.1543565225875693e-05,0.000280066347936384,0.0,0.0,0.0,0.0,0.0,0.0,0.0,0.0,0.0,0.0
24,P17B11,SEHE32_6_DP,24,48,"['1', '3', '4', '7']",0.07121360645561761,0.0,4.6679081315952816e-05,0.0009195779019242705,0.0,0.0,0.0029734574798261945,0.0,0.0,0.0,0.0,0.0,0.0,0.0
25,P17B12,SEHE32_6_DP-,24,48,"['1', '4', '7']",0.00583296354992076,0.0,0.0,0.006967828843106179,0.0,0.0,0.017718541996830425,0.0,0.0,0.0,0.0,0.0,0.0,0.0
30,P17C11,SEHE32_6_DP,12,48,"['1', '3', '4', '7']",0.21905504968800557,0.0,2.4626762190894388e-05,0.00043096833834065177,0.0,0.0,0.046618460827363074,0.0,0.0,0.0,0.0,0.0,0.0,0.0
31,P17D05,SEHE32_3_DP,6,48,"['1', '3', '4', '12']",0.224028483285288,0.0,3.4026197339806804e-05,0.0001020785920194204,0.0,0.0,0.0,0.0,0.0,0.0,0.0,0.4469000758610226,0.0,0.0
32,P17C03,SEHE32_2_DP,12,48,"['1', '3', '4']",0.2644859855462661,0.0,1.2526569363752302e-05,0.0005010627745500921,0.0,0.0,0.0,0.0,0.0,0.0,0.0,0.0,0.0,0.0
33,P17D04,SEHE32_2_DP-,6,48,"['1', '4']",0.20469307789261404,0.0,0.0,0.00034139652130073104,0.0,0.0,0.0,0.0,0.0,0.0,0.0,0.0,0.0,0.0
35,P17C04,SEHE32_2_DP-,12,48,"['1', '4']",0.3254577209797657,0.0,0.0,0.0014730177171071743,0.0,0.0,0.0,0.0,0.0,0.0,0.0,0.0,0.0,0.0
36,P17C12,SEHE32_6_DP-,12,48,"['1', '4', '7']",0.2587948501477416,0.0,0.0,0.0005136133389615871,0.0,0.0,0.053879696074292945,0.0,0.0,0.0,0.0,0.0,0.0,0.0
37,P17D06,SEHE32_3_DP-,6,48,"['1', '4', '12']",0.21440678338315133,0.0,0.0,9.042884157872263e-05,0.0,0.0,0.0,0.0,0.0,0.0,0.0,0.5253915695723784,0.0,0.0
38,P17D11,SEHE32_6_DP,6,48,"['1', '3', '4', '7']",0.1503349207074631,0.0,9.83867282116905e-05,0.00022956903249394452,0.0,0.0,0.20744841643434944,0.0,0.0,0.0,0.0,0.0,0.0,0.0
39,P17C05,SEHE32_3_DP,12,48,"['1', '3', '4', '12']",0.2588307609233677,0.0,1.3409530666426676e-05,0.00037546685865994694,0.0,0.0,0.0,0.0,0.0,0.0,0.0,0.03824398146064888,0.0,0.0
41,P17C06,SEHE32_3_DP-,12,48,"['1', '4', '12']",0.2915782582437493,0.0,0.0,0.0007766155332769659,0.0,0.0,0.0,0.0,0.0,0.0,0.0,0.04573856745983815,0.0,0.0
47,P17D12,SEHE32_6_DP-,6,48,"['1', '4', '7']",0.11009842836257308,0.0,0.0,0.0012295869883040933,0.0,0.0,0.32906569809941516,0.0,0.0,0.0,0.0,0.0,0.0,0.0
48,P17F05,SEHE32_3_DP,0,48,"['1', '3', '4', '12']",0.06277137922526524,0.0,0.010177991611152232,0.02550885763631878,0.0,0.0,0.0,0.0,0.0,0.0,0.0,0.5908345423143351,0.0,0.0
49,P17F12,SEHE32_6_DP-,0,48,"['1', '4', '7']",0.05760987919463088,0.0,0.0,0.2034121879194631,0.0,0.0,0.44990754362416113,0.0,0.0,0.0,0.0,0.0,0.0,0.0
52,P17E12,SEHE32_6_DP-,3,48,"['1', '4', '7']",0.08824654622741765,0.0,0.0,0.012148607863974497,0.0,0.0,0.5903693942614241,0.0,0.0,0.0,0.0,0.0,0.0,0.0
53,P17E03,SEHE32_2_DP,3,48,"['1', '3', '4']",0.19962500958956655,0.0,6.873801304181052e-05,0.004919677790563866,0.0,0.0,0.0,0.0,0.0,0.0,0.0,0.0,0.0,0.0
55,P17E04,SEHE32_2_DP-,3,48,"['1', '4']",0.18565292325003516,0.0,0.0,0.002526250644662197,0.0,0.0,0.0,0.0,0.0,0.0,0.0,0.0,0.0,0.0
58,P17E05,SEHE32_3_DP,3,48,"['1', '3', '4', '12']",0.21176521157703695,0.0,0.00023211385996752316,0.0011992549431655362,0.0,0.0,0.0,0.0,0.0,0.0,0.0,0.5955267933900086,0.0,0.0
59,P17F06,SEHE32_3_DP-,0,48,"['1', '4', '12']",0.08043969948596283,0.0,0.0,0.052263081586925005,0.0,0.0,0.0,0.0,0.0,0.0,0.0,0.5563064188743904,0.0,0.0
60,P17F11,SEHE32_6_DP,0,48,"['1', '3', '4', '7']",0.06183815161351919,0.0,0.0148115333206034,0.1345689516898988,0.0,0.0,0.4345025014321176,0.0,0.0,0.0,0.0,0.0,0.0,0.0
61,P17E06,SEHE32_3_DP-,3,48,"['1', '4', '12']",0.18334647207286295,0.0,0.0,0.009419949522659935,0.0,0.0,0.0,0.0,0.0,0.0,0.0,0.5861777680237024,0.0,0.0
66,P17F03,SEHE32_2_DP,0,48,"['1', '3', '4']",0.13757830680754313,0.0,0.019988096830279523,0.028085328340243413,0.0,0.0,0.0,0.0,0.0,0.0,0.0,0.0,0.0,0.0
70,P17E11,SEHE32_6_DP,3,48,"['1', '3', '4', '7']",0.11728508528192193,0.0,0.0002577694182020262,0.014836062069849953,0.0,0.0,0.5365327234642842,0.0,0.0,0.0,0.0,0.0,0.0,0.0
71,P17F04,SEHE32_2_DP-,0,48,"['1', '4']",0.1677642623581458,0.0,0.0,0.02958235558120151,0.0,0.0,0.0,0.0,0.0,0.0,0.0,0.0,0.0,0.0
75,P17G03,SEHE32_2_DP,18,48,"['1', '3', '4']",0.32511290631994033,0.0,1.7393157838644357e-05,0.0008870510497708623,0.0,0.0,0.0,0.0,0.0,0.0,0.0,0.0,0.0,0.0
76,P17G04,SEHE32_2_DP-,18,48,"['1', '4']",0.08591548954228555,0.0,0.0,0.0003535616853591998,0.0,0.0,0.0,0.0,0.0,0.0,0.0,0.0,0.0,0.0
78,P17G05,SEHE32_3_DP,18,48,"['1', '3', '4', '12']",0.32628128203683887,0.0,7.579564017349182e-05,0.0004358249309975779,0.0,0.0,0.0,0.0,0.0,0.0,0.0,0.009379710471469611,0.0,0.0
79,P17H12,SEHE32_6_DP-,9,48,"['1', '4', '7']",0.16014816958471997,0.0,0.0,0.0002625379829257705,0.0,0.0,0.22799548545796552,0.0,0.0,0.0,0.0,0.0,0.0,0.0
80,P17G06,SEHE32_3_DP-,18,48,"['1', '4', '12']",0.0991377694470478,0.0,0.0,0.0002717900656044986,0.0,0.0,0.0,0.0,0.0,0.0,0.0,0.00047797563261480787,0.0,0.0
81,P17H03,SEHE32_2_DP,9,48,"['1', '3', '4']",0.2198792479388699,0.0,1.1079831087874523e-05,0.00036563442589985926,0.0,0.0,0.0,0.0,0.0,0.0,0.0,0.0,0.0,0.0
86,P17H04,SEHE32_2_DP-,9,48,"['1', '4']",0.22296921222745697,0.0,0.0,0.0007240056973813958,0.0,0.0,0.0,0.0,0.0,0.0,0.0,0.0,0.0,0.0
89,P17H05,SEHE32_3_DP,9,48,"['1', '3', '4', '12']",0.22823179824561404,0.0,3.640350877192983e-05,0.00016381578947368422,0.0,0.0,0.0,0.0,0.0,0.0,0.0,0.13594890350877192,0.0,0.0
91,P17G11,SEHE32_6_DP,18,48,"['1', '3', '4', '7']",0.30962693498452015,0.0,9.442724458204335e-05,0.00032105263157894735,0.0,0.0,0.031179876160990716,0.0,0.0,0.0,0.0,0.0,0.0,0.0
93,P17H06,SEHE32_3_DP-,9,48,"['1', '4', '12']",0.2184011116669446,0.0,0.0,0.0004687677171919293,0.0,0.0,0.0,0.0,0.0,0.0,0.0,0.18179258518147962,0.0,0.0
94,P17H11,SEHE32_6_DP,9,48,"['1', '3', '4', '7']",0.20831277330264675,0.0,3.542533415951138e-05,0.0022199876073293796,0.0,0.0,0.055877560414269285,0.0,0.0,0.0,0.0,0.0,0.0,0.0
95,P18A02,SEHE32_7_DP-,48,48,"['1', '4', '9', '12']",0.0007907137564830822,0.0,0.0,0.0023721412694492467,0.0,0.0,0.0,0.0,0.048397135095085204,0.0,0.0,0.0035854778957767354,0.0,0.0
96,P18A01,SEHE32_7_DP,48,48,"['1', '3', '4', '9', '12']",0.0007750865051903116,0.0,3.875432525951558e-05,0.0021508650519031147,0.0,0.0,0.0,0.0,0.039374394463667826,0.0,0.0,0.0024124567474048445,0.0,0.0
97,P18A03,SEHE32_8_DP,48,48,"['1', '3', '4', '6', '8']",0.020239865996649918,0.0,0.0006860971524288108,0.01149212730318258,0.0,0.004116582914572864,0.0,0.01406499162479062,0.0,0.0,0.0,0.0,0.0,0.0
99,P18B09,SEHE32_11_DP,24,48,"['1', '3', '6', '7', '8']",9.090595340811043e-05,0.0,6.060396893874028e-05,0.0,0.0,0.09233014667817083,0.43392441760138045,0.0,0.0,0.0,0.0,0.0,0.0,0.0
100,P18C04,SEHE32_8_DP-,12,48,"['1', '4', '6', '8']",0.08404622486969471,0.0,0.0,0.00019329858525688755,0.0,0.42831100521221144,0.0,0.006494832464631422,0.0,0.0,0.0,0.0,0.0,0.0
101,P18A05,SEHE32_9_DP,48,48,"['1', '2', '3', '4', '14']",0.008857142857142853,0.0008857142857142852,0.0002530612244897958,0.02657142857142856,0.0,0.0,0.0,0.0,0.0,0.0,0.0,0.0,0.0,0.0
102,P18A06,SEHE32_9_DP-,48,48,"['1', '2', '4', '14']",0.009831866464339905,0.000994233687405159,0.0,0.0250215477996965,0.0,0.0,0.0,0.0,0.0,0.0,0.0,0.0,0.0,0.00011047040971168434
103,P18B04,SEHE32_8_DP-,24,48,"['1', '4', '6', '8']",0.060784608280744945,0.0,0.0,0.000530952747421887,0.0,0.00018962598122210247,0.0,3.7925196244420494e-05,0.0,0.0,0.0,0.0,0.0,0.0
104,P18A07,SEHE32_10_DP,48,48,"['1', '2', '3', '4', '9']",0.00203702500811952,0.00023280285807080224,7.275089314712571e-05,0.005514517700552128,0.0,0.0,0.0,0.0,0.03687742773627802,0.0,0.0,0.0,0.0,0.0
105,P18C02,SEHE32_7_DP-,12,48,"['1', '4', '9', '12']",0.22542517919500094,0.0,0.0,0.10271707406726704,0.0,0.0,0.0,0.0,0.0012494394412791766,0.0,0.0,0.3820654291490535,0.0,0.0
106,P18A08,SEHE32_10_DP-,48,48,"['1', '2', '4', '9']",0.0017387497178966368,0.00021385691717445266,0.0,0.004128368314150303,0.0,0.0,0.0,0.0,0.035072534416610235,0.0,0.0,0.0,0.0,0.0
107,P18B05,SEHE32_9_DP,24,48,"['1', '2', '3', '4', '14']",0.11261183274021348,0.0,3.7633451957295364e-05,0.0001129003558718861,0.0,0.0,0.0,0.0,0.0,0.0,0.0,0.0,0.0,0.0
108,P18B11,SEHE32_12_DP,24,48,"['1', '2', '3', '4', '5', '6', '7', '8', '9', '10', '11', '12', '13', '14']",0.001175531914893617,9.042553191489363e-05,0.00010851063829787234,0.0017000000000000001,0.00010851063829787234,0.0001627659574468085,0.00354468085106383,0.0005606382978723404,0.03633297872340426,9.042553191489363e-05,0.0003978723404255319,0.0026223404255319147,0.0006148936170212767,0.0
109,P18A09,SEHE32_11_DP,48,48,"['1', '3', '6', '7', '8']",0.016198777098387997,0.0,0.0008115619788771542,0.0,0.0,0.0013309616453585328,0.03171584213451918,0.0082130072262368,0.0,0.0,0.0,0.0,0.0,0.0
110,P18B10,SEHE32_11_DP-,24,48,"['1', '6', '7', '8']",0.012557226945716154,0.0,0.0,0.0,0.0,0.002277043819489863,0.034657946370176586,0.001439895356442119,0.0,0.0,0.0,0.0,0.0,0.0
111,P18C03,SEHE32_8_DP,12,48,"['1', '3', '4', '6', '8']",0.040590025648332854,0.0,0.0,0.00011080079794813336,0.0,0.47452288401253917,0.0,0.003028555143915645,0.0,0.0,0.0,0.0,0.0,0.0
112,P18A10,SEHE32_11_DP-,48,48,"['1', '6', '7', '8']",0.015745717234262126,0.0,0.0,0.0,0.0,0.002007843137254902,0.03143859649122807,0.0019550051599587204,0.0,0.0,0.0,0.0,0.0,0.0
113,P18B06,SEHE32_9_DP-,24,48,"['1', '2', '4', '14']",0.013163826998689385,0.0008492791612057668,0.0,0.021326343381389255,0.0,0.0,0.0,0.0,0.0,0.0,0.0,0.0,0.0,0.00014154652686762778
114,P18B12,SEHE32_12_DP-,24,48,"['1', '2', '4', '5', '6', '7', '8', '9', '10', '11', '12', '13', '14']",0.08633714209615129,1.781861765880943e-05,0.0,0.00013066986283126914,5.939539219603142e-06,2.375815687841257e-05,0.00043952590225063257,3.563723531761886e-05,0.0019006525502730056,1.1879078439206284e-05,3.563723531761886e-05,0.00017818617658809426,4.751631375682514e-05,0.0
115,P18C05,SEHE32_9_DP,12,48,"['1', '2', '3', '4', '14']",0.22841832413704607,0.0,2.9359681765687153e-05,0.0001908379314769665,0.0,0.0,0.0,0.0,0.0,0.0,0.0,0.0,0.0,1.4679840882843577e-05
116,P18A11,SEHE32_12_DP,48,48,"['1', '2', '3', '4', '5', '6', '7', '8', '9', '10', '11', '12', '13', '14']",0.0009792531120331948,0.00013278008298755185,4.979253112033194e-05,0.0018589211618257257,6.639004149377592e-05,0.00014937759336099583,0.00512863070539419,0.0009626556016597509,0.03908713692946057,0.0,0.00034854771784232356,0.0024066390041493774,0.0007634854771784231,1.659751037344398e-05
117,P18B07,SEHE32_10_DP,24,48,"['1', '2', '3', '4', '9']",0.26692395391146145,0.0,3.2892662219526986e-05,0.0005098362644026683,0.0,0.0,0.0,0.0,0.0035195148574893877,0.0,0.0,0.0,0.0,0.0
118,P18A12,SEHE32_12_DP-,48,48,"['1', '2', '4', '5', '6', '7', '8', '9', '10', '11', '12', '13', '14']",0.0007931153184165232,2.2030981067125648e-05,0.0,0.0011896729776247849,2.2030981067125648e-05,0.0001321858864027539,0.0022691910499139417,0.0003965576592082616,0.044700860585197934,0.0,0.00015421686746987953,0.0011676419965576592,0.0002643717728055078,2.2030981067125648e-05
119,P18B01,SEHE32_7_DP,24,48,"['1', '3', '4', '9', '12']",0.29576506661799595,0.0,0.0,0.00019266289468881183,0.0,0.0,0.0,0.0,0.005449607592626391,0.0,0.0,0.00016513962401898158,0.0,0.0
120,P18B02,SEHE32_7_DP-,24,48,"['1', '4', '9', '12']",0.001271432774345396,0.0,0.0,0.0025944101206237134,0.0,0.0,0.0,0.0,0.051836657840541346,0.0,0.0,0.002542865548690792,0.0,0.0
121,P18B03,SEHE32_8_DP,24,48,"['1', '3', '4', '6', '8']",0.022933333333333326,0.0,0.000622222222222222,0.01315555555555555,0.0,0.0038222222222222208,0.0,0.003199999999999999,0.0,0.0,0.0,0.0,0.0,0.0
122,P18B08,SEHE32_10_DP-,24,48,"['1', '2', '4', '9']",0.22418401962049825,2.948238027623596e-05,0.0,0.0006486123660771911,0.0,0.0,0.0,0.0,0.003478920872595843,0.0,0.0,0.0,0.0,0.0
123,P18C01,SEHE32_7_DP,12,48,"['1', '3', '4', '9', '12']",0.23672148077534158,0.0,4.8458849698125204e-05,0.08819510645058785,0.0,0.0,0.0,0.0,0.000969176993962504,0.0,0.0,0.2788806800127105,0.0,0.0
124,P18C06,SEHE32_9_DP-,12,48,"['1', '2', '4', '14']",0.21150806358046176,1.2298410488455737e-05,0.0,0.00024596820976911473,0.0,0.0,0.0,0.0,0.0,0.0,0.0,0.0,0.0,7.379046293073443e-05
125,P18D11,SEHE32_12_DP,6,48,"['1', '2', '3', '4', '5', '6', '7', '8', '9', '10', '11', '12', '13', '14']",0.06177506443298969,3.614690721649485e-05,0.0006867912371134021,0.005313595360824742,7.22938144329897e-05,0.23155708762886598,0.3097789948453608,0.0020242268041237117,0.00043376288659793816,0.0018796391752577322,0.009145167525773197,0.02512210051546392,0.024290721649484533,0.0
126,P18E06,SEHE32_9_DP-,3,48,"['1', '2', '4', '14']",0.16142237217148506,0.00013053341864929322,0.0,0.04230469431679367,0.0,0.0,0.0,0.0,0.0,0.0,0.0,0.0,0.0,3.560002326798906e-05
127,P18C07,SEHE32_10_DP,12,48,"['1', '2', '3', '4', '9']",0.16880586382886306,1.0989249647084373e-05,3.296774894125312e-05,0.03266004995113476,0.0,0.0,0.0,0.0,0.0007472689760017374,0.0,0.0,0.0,0.0,0.0
128,P18C08,SEHE32_10_DP-,12,48,"['1', '2', '4', '9']",0.1818857359157151,0.0,0.0,0.0002664059049902215,0.0,0.0,0.0,0.0,0.0013204466595167499,0.0,0.0,0.0,0.0,0.0
129,P18D06,SEHE32_9_DP-,6,48,"['1', '2', '4', '14']",0.1887798484301696,0.0,0.0,0.032484272825694695,0.0,0.0,0.0,0.0,0.0,0.0,0.0,0.0,0.0,0.00012795380728978706
130,P18C09,SEHE32_11_DP,12,48,"['1', '3', '6', '7', '8']",0.0034927691821913477,0.0,0.0,0.0,0.0,0.2568772971266182,0.24208065677297122,3.175244711083044e-05,0.0,0.0,0.0,0.0,0.0,0.0
131,P18E04,SEHE32_8_DP-,3,48,"['1', '4', '6', '8']",0.1647734985372569,0.0,0.0,0.005191533298915849,0.0,0.08540072276716572,0.0,0.07943045947341248,0.0,0.0,0.0,0.0,0.0,0.0
132,P18C10,SEHE32_11_DP-,12,48,"['1', '6', '7', '8']",0.013225018380422227,0.0,0.0,0.0,0.0,0.2738822182543851,0.24706481987186218,0.003475806112803277,0.0,0.0,0.0,0.0,0.0,0.0
133,P18D07,SEHE32_10_DP,6,48,"['1', '2', '3', '4', '9']",0.17735552211856756,0.0005492627144146854,0.003563165814023473,0.05165886247366837,0.0,0.0,0.0,0.0,0.0007041829671983147,0.0,0.0,0.0,0.0,0.0
134,P18E01,SEHE32_7_DP,3,48,"['1', '3', '4', '9', '12']",0.14263913261050876,0.0,0.004665221017514595,0.07166945788156796,0.0,0.0,0.0,0.0,0.0015161968306922433,0.0,0.0,0.4745696080066722,0.0,0.0
135,P18C11,SEHE32_12_DP,12,48,"['1', '2', '3', '4', '5', '6', '7', '8', '9', '10', '11', '12', '13', '14']",0.01595803069193381,0.0,0.0001091147397739064,0.0,2.72786849434766e-05,0.26583078477417943,0.2128282999290044,5.45573698869532e-05,0.0003273442193217192,0.0,0.0,0.00417363879635192,2.72786849434766e-05,0.0
136,P18D12,SEHE32_12_DP-,6,48,"['1', '2', '4', '5', '6', '7', '8', '9', '10', '11', '12', '13', '14']",0.06040471413692922,0.0,0.0,0.0017672531930055363,7.069012772022145e-05,0.2741716603628789,0.2728992380639149,0.0022620840870470863,0.00038879570246121793,0.0008129364687825466,0.004453478046373951,0.018980299292879456,0.0072103930274625885,0.0
137,P18E05,SEHE32_9_DP,3,48,"['1', '2', '3', '4', '14']",0.1794787654672166,6.212487555113072e-05,0.004504053477456977,0.0339823069264685,0.0,0.0,0.0,0.0,0.0,0.0,0.0,0.0,0.0,1.553121888778268e-05
138,P18C12,SEHE32_12_DP-,12,48,"['1', '2', '4', '5', '6', '7', '8', '9', '10', '11', '12', '13', '14']",0.03672982795943944,3.0255212487182405e-05,0.0,3.0255212487182405e-05,6.051042497436481e-05,0.22624847897915001,0.2653382135125897,3.0255212487182405e-05,0.000151276062435912,0.0,0.0016035262618206674,0.0006656146747180128,3.0255212487182405e-05,0.0
139,P18D08,SEHE32_10_DP-,6,48,"['1', '2', '4', '9']",0.15921490154337414,0.0018265034592868548,0.0,0.048922192655667905,0.0,0.0,0.0,0.0,0.0011802022352315061,0.0,0.0,0.0,0.0,0.0
140,P18E02,SEHE32_7_DP-,3,48,"['1', '4', '9', '12']",0.13163697447795822,0.0,0.0,0.09798392575406031,0.0,0.0,0.0,0.0,0.0027107563805104404,0.0,0.0,0.47649807888631085,0.0,0.0
141,P18E07,SEHE32_10_DP,3,48,"['1', '2', '3', '4', '9']",0.14947559752139272,0.11038593095308348,0.014870510475066389,0.1584133136618471,0.0,0.0,0.0,0.0,0.0007448096783712008,0.0,0.0,0.0,0.0,0.0
142,P18D01,SEHE32_7_DP,6,48,"['1', '3', '4', '9', '12']",0.19094330977333657,0.0,0.0001588106263709481,0.08432844260297344,0.0,0.0,0.0,0.0,0.0006352425054837924,0.0,0.0,0.37045225444796487,0.0,0.0
143,P18D09,SEHE32_11_DP,6,48,"['1', '3', '6', '7', '8']",0.05249745129351645,0.0,0.0002777642925582881,0.0,0.0,0.24312311721494728,0.29308100926221653,0.03138736505908655,0.0,0.0,0.0,0.0,0.0,0.0
144,P18D02,SEHE32_7_DP-,6,48,"['1', '4', '9', '12']",0.14406859232175503,0.0,0.0,0.08640438756855577,0.0,0.0,0.0,0.0,0.0014707129798903107,0.0,0.0,0.4347795246800731,0.0,0.0
145,P18D03,SEHE32_8_DP,6,48,"['1', '3', '4', '6', '8']",0.11874098360655737,0.0,0.019727635770336413,3.1264082044907154e-05,0.0,0.253551705384197,0.0,0.009723129515966124,0.0,0.0,0.0,0.0,0.0,0.0
146,P18D04,SEHE32_8_DP-,6,48,"['1', '4', '6', '8']",0.12295998778252902,0.0,0.0,0.00046472205253512527,0.0,0.22508949297495418,0.0,0.00907574832009774,0.0,0.0,0.0,0.0,0.0,0.0
147,P18D05,SEHE32_9_DP,6,48,"['1', '2', '3', '4', '14']",0.19092785907089077,0.0,1.741724676800682e-05,0.05404571672112516,0.0,0.0,0.0,0.0,0.0,0.0,0.0,0.0,0.0,8.70862338400341e-05
148,P18D10,SEHE32_11_DP-,6,48,"['1', '6', '7', '8']",0.061819500737422844,0.0,0.0,0.0,0.0,0.07347646255530671,0.4885771125798875,0.06385006827989294,0.0,0.0,0.0,0.0,0.0,0.0
149,P18E03,SEHE32_8_DP,3,48,"['1', '3', '4', '6', '8']",0.1407993147751606,0.0,0.056644522483940044,0.0033454047109207708,0.0,0.0896763340471092,0.0,0.08759763597430406,0.0,0.0,0.0,0.0,0.0,0.0
150,P18E08,SEHE32_10_DP-,3,48,"['1', '2', '4', '9']",0.16996076706974472,0.006579797239526078,0.0,0.06505533162330525,0.0,0.0,0.0,0.0,0.001396164651276414,0.0,0.0,0.0,0.0,0.0
151,P18G01,SEHE32_7_DP,18,48,"['1', '3', '4', '9', '12']",0.20548159952781467,0.0,5.654419359598643e-05,0.00019790467758595248,0.0,0.0,0.0,0.0,0.0015832374206876199,0.0,0.0,0.17353413014608232,0.0,0.0
152,P18G08,SEHE32_10_DP-,18,48,"['1', '2', '4', '9']",0.1869340619731411,5.4880530201732456e-05,0.0,0.00025245043892796926,0.0,0.0,0.0,0.0,0.0014598221033660832,0.0,0.0,0.0,0.0,0.0
153,P18E09,SEHE32_11_DP,3,48,"['1', '3', '6', '7', '8']",0.10857248176116728,0.0,0.04683604249328043,0.0,0.0,0.12891892998848073,0.33970290541405346,0.05507047228977346,0.0,0.0,0.0,0.0,0.0,0.0
154,P18E10,SEHE32_11_DP-,3,48,"['1', '6', '7', '8']",0.07914012528849323,0.0,0.0,0.0,0.0,0.06185822617870096,0.37752720079129576,0.10465150016485328,0.0,0.0,0.0,0.0,0.0,0.0
155,P18F08,SEHE32_10_DP-,0,48,"['1', '2', '4', '9']",0.042311778290993064,0.0822609699769053,0.0,0.20923926096997686,0.0,0.0,0.0,0.0,0.14785496535796763,0.0,0.0,0.0,0.0,0.0
156,P18E11,SEHE32_12_DP,3,48,"['1', '2', '3', '4', '5', '6', '7', '8', '9', '10', '11', '12', '13', '14']",0.05220709960821559,0.0002904428350943844,0.0009076338596699512,0.01267056868099252,0.00010891606316039414,0.16130468954054372,0.24462547785824523,0.020730357354861687,0.000835023150896355,0.007406292294906801,0.025958328386560602,0.03220284934108987,0.04875809094146978,0.0001452214175471922
157,P18G06,SEHE32_9_DP-,18,48,"['1', '2', '4', '14']",0.0815365383336658,1.6357470576501095e-05,0.0,0.00040348427422036036,0.0,0.0,0.0,0.0,0.0,0.0,0.0,0.0,0.0,5.452490192167031e-06
158,P18E12,SEHE32_12_DP-,3,48,"['1', '2', '4', '5', '6', '7', '8', '9', '10', '11', '12', '13', '14']",0.06506390347447212,6.332253379510668e-05,0.0,0.004749190034633002,0.00012664506759021337,0.2061781700368674,0.18743470003351578,0.015672327114288905,0.0006015640710535135,0.006332253379510669,0.01855350240196626,0.026468819126354598,0.03371924924589431,9.498380069266004e-05
159,P18F09,SEHE32_11_DP,0,48,"['1', '3', '6', '7', '8']",0.1050211706102117,0.0,0.06460612702366127,0.0,0.0,0.12349041095890409,0.46144129514321297,0.11660971357409712,0.0,0.0,0.0,0.0,0.0,0.0
160,P18G03,SEHE32_8_DP,18,48,"['1', '3', '4', '6', '8']",0.05169294535131299,0.0,4.0993612491128466e-05,0.0001229808374733854,0.0,0.5231194889992903,0.0,0.0024596167494677075,0.0,0.0,0.0,0.0,0.0,0.0
161,P18F01,SEHE32_7_DP,0,48,"['1', '3', '4', '9', '12']",0.01580141907872508,0.0,0.042191417952472124,0.04935907196756391,0.0,0.0,0.0,0.0,0.023539227390471897,0.0,0.0,0.591087104403649,0.0,0.0
162,P18G02,SEHE32_7_DP-,18,48,"['1', '4', '9', '12']",0.2869993346640053,0.0,0.0,0.00027373823781009403,0.0,0.0,0.0,0.0,0.00538351867693185,0.0,0.0,0.026035547951715615,0.0,0.0
163,P18G07,SEHE32_10_DP,18,48,"['1', '2', '3', '4', '9']",0.269816496955983,0.0,0.0,0.0002637788912235332,0.0,0.0,0.0,0.0,0.0018024890900274772,0.0,0.0,0.0,0.0,0.0
164,P18F02,SEHE32_7_DP-,0,48,"['1', '4', '9', '12']",0.026616060496939143,0.0,0.0,0.12377760172848398,0.0,0.0,0.0,0.0,0.06606640259272596,0.0,0.0,0.49907266834713726,0.0,0.0
165,P18F10,SEHE32_11_DP-,0,48,"['1', '6', '7', '8']",0.08413767564018385,0.0,0.0,0.0,0.0,0.10768414970453052,0.35134271831910696,0.11285919894944188,0.0,0.0,0.0,0.0,0.0,0.0
166,P18G04,SEHE32_8_DP-,18,48,"['1', '4', '6', '8']",0.0002503850385038504,0.0,0.0,0.00013353868720205353,0.0,0.1860527759442611,0.0,0.04086283828382838,0.0,0.0,0.0,0.0,0.0,0.0
167,P18G09,SEHE32_11_DP,18,48,"['1', '3', '6', '7', '8']",0.0003697729052466719,0.0,0.00012325763508222397,0.0,0.0,0.5666153484729836,0.3768602192638998,0.0,0.0,0.0,0.0,0.0,0.0,0.0
168,P18F03,SEHE32_8_DP,0,48,"['1', '3', '4', '6', '8']",0.17997921744708145,0.0,0.03673431686978833,0.0088048749198204,0.0,0.06286491340602951,0.0,0.15394329698524695,0.0,0.0,0.0,0.0,0.0,0.0
169,P18F11,SEHE32_12_DP,0,48,"['1', '2', '3', '4', '5', '6', '7', '8', '9', '10', '11', '12', '13', '14']",0.01680840650640564,0.010249028357564416,0.037880408809558085,0.06903745501655391,0.09806270332517633,0.042389981286886425,0.05165510292212466,0.046407600403051676,0.018530243270476466,0.26163719591190443,0.22129702029653087,0.07354702749388224,0.12454619260112279,0.05067119619979847
170,P18F04,SEHE32_8_DP-,0,48,"['1', '4', '6', '8']",0.18689512809743805,0.0,0.0,0.004408105837883243,0.0,0.11478194036119278,0.0,0.10104405711885762,0.0,0.0,0.0,0.0,0.0,0.0
171,P18F05,SEHE32_9_DP,0,48,"['1', '2', '3', '4', '14']",0.06982237660554164,0.1502715243557638,0.03973813716778415,0.18174023749899024,0.0,0.0,0.0,0.0,0.0,0.0,0.0,0.0,0.0,0.01994390500040391
172,P18F06,SEHE32_9_DP-,0,48,"['1', '2', '4', '14']",0.16337260973910353,0.04390121545250445,0.0,0.1474921421382674,0.0,0.0,0.0,0.0,0.0,0.0,0.0,0.0,0.0,0.04055957265618952
173,P18F07,SEHE32_10_DP,0,48,"['1', '2', '3', '4', '9']",0.013089488234932728,0.1292174479326657,0.023676574307304785,0.09476129507894575,0.0,0.0,0.0,0.0,0.18614022239970512,0.0,0.0,0.0,0.0,0.0
174,P18F12,SEHE32_12_DP-,0,48,"['1', '2', '4', '5', '6', '7', '8', '9', '10', '11', '12', '13', '14']",0.016578224890475418,0.009520168748985883,0.0,0.06475356157715399,0.05679273081291579,0.049734674671426254,0.07296060360214182,0.054740970306668836,0.013377478500730166,0.19540967061496026,0.22790955703391208,0.07665377251338634,0.10693775758559143,0.04760084374492942
175,P18G05,SEHE32_9_DP,18,48,"['1', '2', '3', '4', '14']",0.3151106631897949,2.2242582282049476e-05,2.2242582282049476e-05,0.0003558813165127916,0.0,0.0,0.0,0.0,0.0,0.0,0.0,0.0,0.0,0.0
176,P18G10,SEHE32_11_DP-,18,48,"['1', '6', '7', '8']",0.00011507663915517508,0.0,0.0,0.0,0.0,0.7031758035576973,0.4180158917311735,5.753831957758754e-05,0.0,0.0,0.0,0.0,0.0,0.0
177,P18G11,SEHE32_12_DP,18,48,"['1', '2', '3', '4', '5', '6', '7', '8', '9', '10', '11', '12', '13', '14']",0.036471722836626655,0.0,6.415430578122542e-05,3.207715289061271e-05,0.0,0.4833385397557524,0.09148404004402746,0.0,0.00028869437601551444,6.415430578122542e-05,3.207715289061271e-05,3.207715289061271e-05,0.0,0.0
178,P18H10,SEHE32_11_DP-,9,48,"['1', '6', '7', '8']",0.011917949763081468,0.0,0.0,0.0,0.0,0.24809038569317776,0.20407086156824783,0.007112324858613135,0.0,0.0,0.0,0.0,0.0,0.0
179,P18H01,SEHE32_7_DP,9,48,"['1', '3', '4', '9', '12']",0.23913064163767297,0.0,3.764058580791326e-05,0.0001882029290395663,0.0,0.0,0.0,0.0,0.0007904523019661785,0.0,0.0,0.2230204709118861,0.0,0.0
180,P18H02,SEHE32_7_DP-,9,48,"['1', '4', '9', '12']",0.22194314504408488,0.0,0.0,0.14924786357911052,0.0,0.0,0.0,0.0,0.0006676097277395601,0.0,0.0,0.38988408099990307,0.0,0.0
181,P18H11,SEHE32_12_DP,9,48,"['1', '2', '3', '4', '5', '6', '7', '8', '9', '10', '11', '12', '13', '14']",0.025842116740199806,0.0,0.0,0.0,0.0,0.28611889548151526,0.22059944216238148,5.457680409757087e-05,0.0002455956184390689,0.0,0.00019101881434149806,0.0046936051523910945,0.0,0.0
182,P18H03,SEHE32_8_DP,9,48,"['1', '3', '4', '6', '8']",0.08305721101713294,0.0,0.0,0.000788606954384443,0.0,0.30214912166558233,0.0,0.0032952504879635654,0.0,0.0,0.0,0.0,0.0,0.0
183,P18H04,SEHE32_8_DP-,9,48,"['1', '4', '6', '8']",0.0855879379157428,0.0,0.0,3.0864745011086475e-05,0.0,0.32482057649667406,0.0,0.006851973392461197,0.0,0.0,0.0,0.0,0.0,0.0
184,P18H12,SEHE32_12_DP-,9,48,"['1', '2', '4', '5', '6', '7', '8', '9', '10', '11', '12', '13', '14']",0.006218411316648531,0.0,0.0,3.325353645266594e-05,0.0,0.32445475516866157,0.27803281828073995,0.0,0.0003325353645266594,0.0006983242655059847,3.325353645266594e-05,0.0010641131664853101,0.0,0.0
185,P18H05,SEHE32_9_DP,9,48,"['1', '2', '3', '4', '14']",0.2112195466512554,0.0,0.0,0.00010870095678417774,0.0,0.0,0.0,0.0,0.0,0.0,0.0,0.0,0.0,9.511333718615554e-05
186,P18H06,SEHE32_9_DP-,9,48,"['1', '2', '4', '14']",0.20358282208588957,2.7811860940695297e-05,0.0,0.00025030674846625767,0.0,0.0,0.0,0.0,0.0,0.0,0.0,0.0,0.0,5.5623721881390594e-05
187,P18H07,SEHE32_10_DP,9,48,"['1', '2', '3', '4', '9']",0.16518788501026693,1.2962012320328543e-05,1.2962012320328543e-05,0.035995508213552366,0.0,0.0,0.0,0.0,0.0005832905544147844,0.0,0.0,0.0,0.0,0.0
188,P18H08,SEHE32_10_DP-,9,48,"['1', '2', '4', '9']",0.15316594026317623,0.0002109308640256214,0.0,0.06208900647497041,0.0,0.0,0.0,0.0,0.0007985239852398524,0.0,0.0,0.0,0.0,0.0
189,P18H09,SEHE32_11_DP,9,48,"['1', '3', '6', '7', '8']",0.027074577084583083,0.0,6.579484103179365e-05,0.0,0.0,0.28370735452909424,0.23597319736052788,0.001085614877024595,0.0,0.0,0.0,0.0,0.0,0.0
190,P05A03,SEHE32_8_DP,48,48,"['1', '3', '4', '6', '8']",0.01777928692699491,0.0,0.0004040747028862479,0.009697792869269951,0.0,0.002597623089983022,0.0,0.002424448217317488,0.0,0.0,0.0,0.0,0.0,0.0
192,P05A06,SEHE32_9_DP-,48,48,"['1', '2', '4', '14']",0.0099,0.0006,0.0,0.017099999999999997,0.0,0.0,0.0,0.0,0.0,0.0,0.0,0.0,0.0,0.0
193,P05A04,SEHE32_8_DP-,48,48,"['1', '4', '6', '8']",0.023897872340425525,0.0,0.0,0.01116109422492401,0.0,0.003020060790273555,0.0,0.00367659574468085,0.0,0.0,0.0,0.0,0.0,0.0
194,P05A02,SEHE32_7_DP-,48,48,"['1', '4', '9', '12']",0.003163386727688786,0.0,0.0,0.007556979405034323,0.0,0.0,0.0,0.0,0.021967963386727685,0.0,0.0,0.004920823798627001,0.0,0.0
195,P05A01,SEHE32_7_DP,48,48,"['1', '3', '4', '9', '12']",0.002481751824817518,0.0,0.0002481751824817518,0.006452554744525547,0.0,0.0,0.0,0.0,0.019357664233576644,0.0,0.0,0.0044671532846715335,0.0,0.0
196,P05A07,SEHE32_10_DP,48,48,"['1', '2', '3', '4', '9']",0.003974757281553397,0.0003456310679611649,0.0,0.010368932038834947,0.0,0.0,0.0,0.0,0.019355339805825236,0.0,0.0,0.0,0.0,0.0
198,P05C05,SEHE32_9_DP,12,48,"['1', '2', '3', '4', '14']",0.30258799999999997,2.4095238095238094e-05,2.4095238095238094e-05,0.0003373333333333333,0.0,0.0,0.0,0.0,0.0,0.0,0.0,0.0,0.0,2.4095238095238094e-05
200,P05B12,SEHE32_12_DP-,24,48,"['1', '2', '4', '5', '6', '7', '8', '9', '10', '11', '12', '13', '14']",0.0,5.632509788038342e-05,0.0,0.00011265019576076684,0.0,0.00011265019576076684,0.00016897529364115027,0.00011265019576076684,0.0007322262724449845,0.41196176589712435,5.632509788038342e-05,5.632509788038342e-05,0.0,0.0
201,P05A10,SEHE32_11_DP-,48,48,"['1', '6', '7', '8']",0.009027199999999996,0.0,0.0,0.0,0.0,0.0007935999999999997,0.024204799999999988,0.002380799999999999,0.0,0.0,0.0,0.0,0.0,0.0
202,P05C01,SEHE32_7_DP,12,48,"['1', '3', '4', '9', '12']",0.18818369098712445,0.0,0.0,0.0073514163090128756,0.0,0.0,0.0,0.0,0.00012566523605150214,0.0,0.0,0.3157339055793991,0.0,0.0
203,P05C06,SEHE32_9_DP-,12,48,"['1', '2', '4', '14']",0.2627227536369687,2.5064181800893786e-05,0.0,0.0005263478178187694,0.0,0.0,0.0,0.0,0.0,0.0,0.0,0.0,0.0,0.0
204,P05A11,SEHE32_12_DP,48,48,"['1', '2', '3', '4', '5', '6', '7', '8', '9', '10', '11', '12', '13', '14']",0.0018666666666666662,0.00017777777777777773,0.0,0.0031111111111111105,8.888888888888887e-05,0.00017777777777777773,0.010044444444444443,0.00035555555555555546,0.019199999999999995,0.0,0.00017777777777777773,0.0020444444444444442,0.0008888888888888887,0.0
205,P05B08,SEHE32_10_DP-,24,48,"['1', '2', '4', '9']",0.2282121848739496,0.0,0.0,0.0005315126050420169,0.0,0.0,0.0,0.0,0.0011596638655462187,0.0,0.0,0.0,0.0,0.0
206,P05C03,SEHE32_8_DP,12,48,"['1', '3', '4', '6', '8']",0.12420960000000003,0.0,0.0,0.00021138461538461542,0.0,0.3467976000000001,0.0,0.008666769230769233,0.0,0.0,0.0,0.0,0.0,0.0
207,P05A12,SEHE32_12_DP-,48,48,"['1', '2', '4', '5', '6', '7', '8', '9', '10', '11', '12', '13', '14']",0.001271322436849925,5.52748885586924e-05,0.0,0.001934621099554234,0.0001105497771173848,0.0001105497771173848,0.0059144130757800865,0.010336404160475479,0.013487072808320944,0.0011607726597325403,0.00016582466567607718,0.001658246656760772,0.0006632986627043087,0.0
208,P05B01,SEHE32_7_DP,24,48,"['1', '3', '4', '9', '12']",0.29407056149985794,0.0,0.0,0.00036485181327525803,0.0,0.0,0.0,0.0,0.001487472777199129,0.0,0.0,0.00033678628917716127,0.0,0.0
209,P05B09,SEHE32_11_DP,24,48,"['1', '3', '6', '7', '8']",0.00011387858347386171,0.0,0.0,0.0,0.0,0.4046485666104553,0.045020000000000004,3.795952782462057e-05,0.0,0.0,0.0,0.0,0.0,0.0
210,P05C08,SEHE32_10_DP-,12,48,"['1', '2', '4', '9']",0.21310954428202925,4.608770421324162e-05,0.0,0.00013826311263972487,0.0,0.0,0.0,0.0,0.0006452278589853827,0.0,0.0,0.0,0.0,0.0
211,P05B02,SEHE32_7_DP-,24,48,"['1', '4', '9', '12']",0.30338236444444444,0.0,0.0,8.138666666666668e-05,0.0,0.0,0.0,0.0,0.001247928888888889,0.0,0.0,0.00024416000000000005,0.0,0.0
212,P05B10,SEHE32_11_DP-,24,48,"['1', '6', '7', '8']",4.378320935175345e-05,0.0,0.0,0.0,0.0,0.31593963868225294,0.17329394261424017,0.004859936238044633,0.0,0.0,0.0,0.0,0.0,0.0
213,P05B03,SEHE32_8_DP,24,48,"['1', '3', '4', '6', '8']",0.13465189981257455,0.0,0.0,0.0003005622763673539,0.0,0.3685752257624808,0.0,0.0,0.0,0.0,0.0,0.0,0.0,0.0
214,P05C02,SEHE32_7_DP-,12,48,"['1', '4', '9', '12']",0.29273755435358995,0.0,0.0,0.00017189521688408101,0.0,0.0,0.0,0.0,0.00025784282532612156,0.0,0.0,0.5157715982606852,0.0,0.0
215,P05C07,SEHE32_10_DP,12,48,"['1', '2', '3', '4', '9']",0.2051244636708749,1.8221947558929992e-05,0.0,0.00012755363291250992,0.0,0.0,0.0,0.0,0.0007835437450339896,0.0,0.0,0.0,0.0,0.0
216,P05B04,SEHE32_8_DP-,24,48,"['1', '4', '6', '8']",0.024322206896551714,0.0,0.0,0.011195034482758617,0.0,0.002557241379310344,0.0,0.001818482758620689,0.0,0.0,0.0,0.0,0.0,0.0
217,P05B05,SEHE32_9_DP,24,48,"['1', '2', '3', '4', '14']",0.013411555555555555,0.0006542222222222222,0.0,0.021589333333333332,0.0,0.0,0.0,0.0,0.0,0.0,0.0,0.0,0.0,0.0
218,P05B06,SEHE32_9_DP-,24,48,"['1', '2', '4', '14']",0.009105882352941172,0.00021176470588235284,0.0,0.02011764705882352,0.0,0.0,0.0,0.0,0.0,0.0,0.0,0.0,0.0,0.0004235294117647057
219,P05B07,SEHE32_10_DP,24,48,"['1', '2', '3', '4', '9']",0.29053684665226787,7.568034557235421e-05,0.0,0.0004540820734341253,0.0,0.0,0.0,0.0,0.0007820302375809936,0.0,0.0,0.0,0.0,0.0
220,P05B11,SEHE32_12_DP,24,48,"['1', '2', '3', '4', '5', '6', '7', '8', '9', '10', '11', '12', '13', '14']",0.00012274426054458088,0.0,0.0,0.00014212493326214628,6.460224239188467e-06,3.230112119594234e-05,0.04644901227976508,2.584089695675387e-05,0.0014600106780565936,0.0,0.0,4.522156967431927e-05,1.93806727175654e-05,6.460224239188467e-06
221,P05C04,SEHE32_8_DP-,12,48,"['1', '4', '6', '8']",0.07820263612398873,0.0,0.0,0.0002561221707117535,0.0,0.3808109808199255,0.0,0.009732642487046634,0.0,0.0,0.0,0.0,0.0,0.0
222,P05C09,SEHE32_11_DP,12,48,"['1', '3', '6', '7', '8']",0.04798202968311272,0.0,0.0,0.0,0.0,0.23370557561171282,0.22967260328920983,0.0031022864019253915,0.0,0.0,0.0,0.0,0.0,0.0
223,P05E02,SEHE32_7_DP-,3,48,"['1', '4', '9', '12']",0.16465911133300049,0.0,0.0,0.11783754368447327,0.0,0.0,0.0,0.0,0.0011754368447329006,0.0,0.0,0.5004422366450324,0.0,0.0
224,P05E09,SEHE32_11_DP,3,48,"['1', '3', '6', '7', '8']",0.11791438211725008,0.0,0.0008196260368339658,0.0,0.0,0.15736819907212143,0.24629762406860675,0.006966821313088709,0.0,0.0,0.0,0.0,0.0,0.0
225,P05C10,SEHE32_11_DP-,12,48,"['1', '6', '7', '8']",0.03520224295542362,0.0,0.0,0.0,0.0,0.22906248232965792,0.2581167279238526,0.0028260955612100652,0.0,0.0,0.0,0.0,0.0,0.0
226,P05C11,SEHE32_12_DP,12,48,"['1', '2', '3', '4', '5', '6', '7', '8', '9', '10', '11', '12', '13', '14']",0.035567990275526734,5.154781199351701e-05,0.0,0.0,0.0,0.2151090194489465,0.29062656401944886,5.154781199351701e-05,0.00010309562398703401,0.044124927066450555,0.02412437601296596,0.02340270664505672,0.0,0.0
227,P05D09,SEHE32_11_DP,6,48,"['1', '3', '6', '7', '8']",0.0536743461651484,0.0,0.0,0.0,0.0,0.17689579782544812,0.2663693211871878,0.001269820746400235,0.0,0.0,0.0,0.0,0.0,0.0
228,P05C12,SEHE32_12_DP-,12,48,"['1', '2', '4', '5', '6', '7', '8', '9', '10', '11', '12', '13', '14']",0.06454206619859579,0.00012730190571715147,0.0,6.365095285857574e-05,0.0,0.24410140421263793,0.3087071213640923,0.004137311935807422,0.0003182547642928787,6.365095285857574e-05,0.0,0.011966379137412237,0.0,0.0
229,P05E07,SEHE32_10_DP,3,48,"['1', '2', '3', '4', '9']",0.198468476146364,0.030229106067623895,0.018938175081056042,0.23643479388605831,0.0,0.0,0.0,0.0,0.0009896433534043536,0.0,0.0,0.0,0.0,0.0
230,P05D01,SEHE32_7_DP,6,48,"['1', '3', '4', '9', '12']",0.22225354159099162,0.0,0.00039617387092868387,0.1319258990192517,0.0,0.0,0.0,0.0,0.00019808693546434194,0.0,0.0,0.46154255963191665,0.0,0.0
231,P05D10,SEHE32_11_DP-,6,48,"['1', '6', '7', '8']",0.06931866102743967,0.0,0.0,0.0,0.0,0.1769409222199299,0.2512219929853518,0.00279135547761502,0.0,0.0,0.0,0.0,0.0,0.0
232,P05E04,SEHE32_8_DP-,3,48,"['1', '4', '6', '8']",0.15982832618025752,0.0,0.0,0.0026018564727018664,0.0,0.13455314901686796,0.0,0.07500780517017666,0.0,0.0,0.0,0.0,0.0,0.0
233,P05D02,SEHE32_7_DP-,6,48,"['1', '4', '9', '12']",0.16188130841121495,0.0,0.0,0.09912032710280372,0.0,0.0,0.0,0.0,0.0011876168224299064,0.0,0.0,0.518075,0.0,0.0
234,P05E03,SEHE32_8_DP,3,48,"['1', '3', '4', '6', '8']",0.1482864845434939,0.0,0.04463572969086988,0.0018306973400431345,0.0,0.17095384615384618,0.0,0.004094104960460101,0.0,0.0,0.0,0.0,0.0,0.0
235,P05E08,SEHE32_10_DP-,3,48,"['1', '2', '4', '9']",0.1658371434792075,0.0008991944263008927,0.0,0.06713128674069235,0.0,0.0,0.0,0.0,0.0019011539298933156,0.0,0.0,0.0,0.0,0.0
236,P05D03,SEHE32_8_DP,6,48,"['1', '3', '4', '6', '8']",0.14469072367832542,0.0,0.0,6.125771535915557e-05,0.0,0.1926861436622238,0.0,0.0044105555058592,0.0,0.0,0.0,0.0,0.0,0.0
237,P05D11,SEHE32_12_DP,6,48,"['1', '2', '3', '4', '5', '6', '7', '8', '9', '10', '11', '12', '13', '14']",0.07095440806045342,0.0,0.0,5.4039914745204424e-05,0.0,0.16628081767099404,0.2628501453206743,0.0002161596589808177,0.00027019957372602214,0.0009727184654136796,0.03896277853129239,0.013618058515791514,0.0024858360782794037,5.4039914745204424e-05
238,P05E05,SEHE32_9_DP,3,48,"['1', '2', '3', '4', '14']",0.16860130409010077,6.449318316538232e-05,0.001354356846473029,0.04732187314759929,0.0,0.0,0.0,0.0,0.0,0.0,0.0,0.0,0.0,0.00011286307053941908
239,P05E10,SEHE32_11_DP-,3,48,"['1', '6', '7', '8']",0.11350965034965035,0.0,0.0,0.0,0.0,0.11368,0.29816867132867136,0.04241706293706293,0.0,0.0,0.0,0.0,0.0,0.0
240,P05D04,SEHE32_8_DP-,6,48,"['1', '4', '6', '8']",0.15517132338694048,0.0,0.0,0.002206549118387909,0.0,0.14583592327068395,0.0,0.04681278821933733,0.0,0.0,0.0,0.0,0.0,0.0
241,P05D12,SEHE32_12_DP-,6,48,"['1', '2', '4', '5', '6', '7', '8', '9', '10', '11', '12', '13', '14']",0.07809103448275861,0.0,0.0,0.0001282282996432818,6.41141498216409e-05,0.16047771700356717,0.2294004280618311,0.0001923424494649227,0.0001282282996432818,0.0007052556480380499,0.04590573127229488,0.018208418549346014,0.004872675386444708,0.0001282282996432818
242,P05D05,SEHE32_9_DP,6,48,"['1', '2', '3', '4', '14']",0.17500976668475313,4.174353409296437e-05,2.0871767046482185e-05,0.05547715680954965,0.0,0.0,0.0,0.0,0.0,0.0,0.0,0.0,0.0,0.00010435883523241092
243,P05D06,SEHE32_9_DP-,6,48,"['1', '2', '4', '14']",0.17938249972274592,2.462016191638017e-05,0.0,0.042248197848508376,0.0,0.0,0.0,0.0,0.0,0.0,0.0,0.0,0.0,0.00014772097149828105
244,P05D07,SEHE32_10_DP,6,48,"['1', '2', '3', '4', '9']",0.16350915884075531,8.950822982934464e-05,0.00015663940220135312,0.057128627688579216,0.0,0.0,0.0,0.0,0.0005370493789760678,0.0,0.0,0.0,0.0,0.0
245,P05D08,SEHE32_10_DP-,6,48,"['1', '2', '4', '9']",0.1581664585758121,6.462808168447783e-05,0.0,0.044485662892815574,0.0,0.0,0.0,0.0,0.0007324515924240821,0.0,0.0,0.0,0.0,0.0
246,P05E01,SEHE32_7_DP,3,48,"['1', '3', '4', '9', '12']",0.20629362363919126,0.0,0.001601244167962675,0.12596454121306375,0.0,0.0,0.0,0.0,0.0007116640746500778,0.0,0.0,0.46471664074650076,0.0,0.0
247,P05E06,SEHE32_9_DP-,3,48,"['1', '2', '4', '14']",0.16023247058823528,4.2039215686274507e-05,0.0,0.05364203921568628,0.0,0.0,0.0,0.0,0.0,0.0,0.0,0.0,0.0,0.00016815686274509803
248,P05E11,SEHE32_12_DP,3,48,"['1', '2', '3', '4', '5', '6', '7', '8', '9', '10', '11', '12', '13', '14']",0.07081565553745926,5.669788273615635e-05,0.00028348941368078174,0.0027781962540716605,0.000170093648208469,0.18931423045602605,0.21460148615635177,0.002154519543973941,0.000340187296416938,0.012586929967426708,0.03464240635179153,0.011566368078175893,0.015932105048859932,0.0001133957654723127
249,P05G04,SEHE32_8_DP-,18,48,"['1', '4', '6', '8']",0.12292358471694337,0.0,0.0,5.069013802760551e-05,0.0,0.3832174434886977,0.0,0.00020276055211042204,0.0,0.0,0.0,0.0,0.0,0.0
250,P05G11,SEHE32_12_DP,18,48,"['1', '2', '3', '4', '5', '6', '7', '8', '9', '10', '11', '12', '13', '14']",5.706123906445277e-05,2.8530619532226386e-05,0.0,2.8530619532226386e-05,0.0,0.31877261203356544,5.706123906445277e-05,0.0,0.00039942867345116946,0.0,8.559185859667916e-05,2.8530619532226386e-05,2.8530619532226386e-05,0.0
251,P05E12,SEHE32_12_DP-,3,48,"['1', '2', '4', '5', '6', '7', '8', '9', '10', '11', '12', '13', '14']",0.11958733794295594,0.0004279710458081245,0.0,0.002139855229040623,6.113872082973208e-05,0.15865498055315472,0.18329388504753677,0.005930455920484011,0.0003056936041486604,0.011860911840968023,0.04432557260155575,0.021031719965427832,0.015651512532411413,6.113872082973208e-05
252,P05F01,SEHE32_7_DP,0,48,"['1', '3', '4', '9', '12']",0.034201315789473684,0.0,0.04986666666666666,0.08997324561403508,0.0,0.0,0.0,0.0,0.03920438596491228,0.0,0.0,0.5340162280701755,0.0,0.0
253,P05F11,SEHE32_12_DP,0,48,"['1', '2', '3', '4', '5', '6', '7', '8', '9', '10', '11', '12', '13', '14']",0.04562127504553735,0.008931876138433516,0.05001850637522769,0.08739497267759565,0.14936845173041896,0.04685799635701276,0.09440306010928963,0.060324517304189446,0.03627715846994536,0.14868138433515485,0.19334076502732242,0.05276677595628416,0.07860051001821494,0.07076794171220402
254,P05F02,SEHE32_7_DP-,0,48,"['1', '4', '9', '12']",0.06349210857862787,0.0,0.0,0.130096575420914,0.0,0.0,0.0,0.0,0.10146287939525828,0.0,0.0,0.4798367197342801,0.0,0.0
255,P05G09,SEHE32_11_DP,18,48,"['1', '3', '6', '7', '8']",0.00017237303334148528,0.0,0.0,0.0,0.0,0.38259918480476074,0.0398871199152197,0.0,0.0,0.0,0.0,0.0,0.0,0.0
256,P05F03,SEHE32_8_DP,0,48,"['1', '3', '4', '6', '8']",0.15487934599663378,0.0,0.02476633806203414,0.006056984852127916,0.0,0.04266809329165665,0.0,0.144290839144025,0.0,0.0,0.0,0.0,0.0,0.0
257,P05F12,SEHE32_12_DP-,0,48,"['1', '2', '4', '5', '6', '7', '8', '9', '10', '11', '12', '13', '14']",0.13356056120478826,0.004712318187668941,0.0,0.06933839618998584,0.08791839361565196,0.04079521173896254,0.06624172995237482,0.047931007851718374,0.016156519500579225,0.13558012614236065,0.1738172222937315,0.06301042605225898,0.10030505856609603,0.09868940661603812
258,P05G06,SEHE32_9_DP-,18,48,"['1', '2', '4', '14']",0.13140058591776949,2.6588544297403783e-05,0.0,0.0001462369936357208,0.0,0.0,0.0,0.0,0.0,0.0,0.0,0.0,0.0,0.0
259,P05F04,SEHE32_8_DP-,0,48,"['1', '4', '6', '8']",0.15489404934687953,0.0,0.0,0.004181712626995646,0.0,0.06771814223512336,0.0,0.12570740203193034,0.0,0.0,0.0,0.0,0.0,0.0
260,P05G05,SEHE32_9_DP,18,48,"['1', '2', '3', '4', '14']",0.30489015618742493,2.44773728474169e-05,2.44773728474169e-05,0.000489547456948338,0.0,0.0,0.0,0.0,0.0,0.0,0.0,0.0,0.0,0.0
261,P05G10,SEHE32_11_DP-,18,48,"['1', '6', '7', '8']",0.00022050423131170663,0.0,0.0,0.0,0.0,0.3528435208039492,0.0634684679125529,0.0,0.0,0.0,0.0,0.0,0.0,0.0
262,P05F05,SEHE32_9_DP,0,48,"['1', '2', '3', '4', '14']",0.12023009807237066,0.09270226580994251,0.02505789651673994,0.20289327020629017,0.0,0.0,0.0,0.0,0.0,0.0,0.0,0.0,0.0,0.02856361176868448
263,P05G01,SEHE32_7_DP,18,48,"['1', '3', '4', '9', '12']",0.1520157310776667,0.0,0.0,0.00018086345160935957,0.0,0.0,0.0,0.0,4.5215862902339894e-05,0.0,0.0,0.2589060309787982,0.0,0.0
264,P05G07,SEHE32_10_DP,18,48,"['1', '2', '3', '4', '9']",0.27143332780633395,2.2649643508539213e-05,0.0,0.00045299287017078427,0.0,0.0,0.0,0.0,0.001064533244901343,0.0,0.0,0.0,0.0,0.0
265,P05F06,SEHE32_9_DP-,0,48,"['1', '2', '4', '14']",0.16682268352081642,0.009132784413777108,0.0,0.1486424678186246,0.0,0.0,0.0,0.0,0.0,0.0,0.0,0.0,0.0,0.043188681433375856
266,P05G02,SEHE32_7_DP-,18,48,"['1', '4', '9', '12']",0.28107361963190186,0.0,0.0,0.0007008588957055215,0.0,0.0,0.0,0.0,0.003183067484662577,0.0,0.0,0.0004964417177914111,0.0,0.0
267,P05F07,SEHE32_10_DP,0,48,"['1', '2', '3', '4', '9']",0.025964493659582064,0.12272341489551704,0.016551384175745663,0.11962493302375422,0.0,0.0,0.0,0.0,0.15300225040185744,0.0,0.0,0.0,0.0,0.0
268,P05F08,SEHE32_10_DP-,0,48,"['1', '2', '4', '9']",0.05941236523652366,0.04498081408140814,0.0,0.21781227722772276,0.0,0.0,0.0,0.0,0.12755309130913092,0.0,0.0,0.0,0.0,0.0
269,P05F09,SEHE32_11_DP,0,48,"['1', '3', '6', '7', '8']",0.1308540993184031,0.0,0.09036930866601751,0.0,0.0,0.10751968841285295,0.3942938266796494,0.12211400194741966,0.0,0.0,0.0,0.0,0.0,0.0
270,P05F10,SEHE32_11_DP-,0,48,"['1', '6', '7', '8']",0.09732587148257034,0.0,0.0,0.0,0.0,0.11586413271734565,0.31162263754724906,0.1333648047039059,0.0,0.0,0.0,0.0,0.0,0.0
271,P05G03,SEHE32_8_DP,18,48,"['1', '3', '4', '6', '8']",0.09943555449406893,0.0,0.0,0.0002340577979460234,0.0,0.38947217578218296,0.0,0.0002340577979460234,0.0,0.0,0.0,0.0,0.0,0.0
272,P05G08,SEHE32_10_DP-,18,48,"['1', '2', '4', '9']",0.2371790699970382,0.00011989337545660973,0.0,0.06489228946589001,0.0,0.0,0.0,0.0,0.0012888537861585547,0.0,0.0,0.0,0.0,0.0
273,P05H01,SEHE32_7_DP,9,48,"['1', '3', '4', '9', '12']",0.259104991394148,0.0,0.0,0.00010740103270223752,0.0,0.0,0.0,0.0,0.00016110154905335628,0.0,0.0,0.23864509466437175,0.0,0.0
274,P05H02,SEHE32_7_DP-,9,48,"['1', '4', '9', '12']",0.36064418137145404,0.0,0.0,0.010843421934331025,0.0,0.0,0.0,0.0,0.0004016082197900379,0.0,0.0,0.34562403395130664,0.0,0.0
275,P05H03,SEHE32_8_DP,9,48,"['1', '3', '4', '6', '8']",0.11778589560645887,0.0,0.0,0.00025991738640630867,0.0,0.446278152459632,0.0,0.012042838903492302,0.0,0.0,0.0,0.0,0.0,0.0
276,P05H04,SEHE32_8_DP-,9,48,"['1', '4', '6', '8']",0.13013280884143485,0.0,0.0,0.00010901938746839,0.0,0.2491819799569167,0.0,0.00828547344759764,0.0,0.0,0.0,0.0,0.0,0.0
277,P05H05,SEHE32_9_DP,9,48,"['1', '2', '3', '4', '14']",0.2934760207388205,2.3817239144523658e-05,0.0,0.0002619896305897602,0.0,0.0,0.0,0.0,0.0,0.0,0.0,0.0,0.0,7.145171743357097e-05
278,P05H06,SEHE32_9_DP-,9,48,"['1', '2', '4', '14']",0.23418474018519936,0.0,0.0,0.00016144486110048213,0.0,0.0,0.0,0.0,0.0,0.0,0.0,0.0,0.0,1.793831790005357e-05
279,P05H07,SEHE32_10_DP,9,48,"['1', '2', '3', '4', '9']",0.23531771251931996,1.8299845440494592e-05,0.0,0.00031109737248840804,0.0,0.0,0.0,0.0,0.001024791344667697,0.0,0.0,0.0,0.0,0.0
280,P05H08,SEHE32_10_DP-,9,48,"['1', '2', '4', '9']",0.14179125843355822,8.260486946318568e-05,0.0,0.06880985626283367,0.0,0.0,0.0,0.0,0.000392373129950132,0.0,0.0,0.0,0.0,0.0
281,P05H09,SEHE32_11_DP,9,48,"['1', '3', '6', '7', '8']",0.06054219633373307,0.0,0.0,0.0,0.0,0.2639031009080006,0.22994620524241902,0.00061826280623608,0.0,0.0,0.0,0.0,0.0,0.0
282,P05H10,SEHE32_11_DP-,9,48,"['1', '6', '7', '8']",0.022687962962962962,0.0,0.0,0.0,0.0,0.2678467592592592,0.22103425925925924,0.001882407407407407,0.0,0.0,0.0,0.0,0.0,0.0
283,P05H11,SEHE32_12_DP,9,48,"['1', '2', '3', '4', '5', '6', '7', '8', '9', '10', '11', '12', '13', '14']",0.09905364532972345,5.4786308257590406e-05,0.0,0.0,0.0,0.2386491587700638,0.19328609553277895,0.0,0.00010957261651518081,5.4786308257590406e-05,0.017257687101140978,0.012929568748791335,0.0042733320440920515,0.0
284,P05H12,SEHE32_12_DP-,9,48,"['1', '2', '4', '5', '6', '7', '8', '9', '10', '11', '12', '13', '14']",0.0877087360032281,0.0,0.0,5.444365984061334e-05,0.0,0.26426952486633715,0.1714430848380914,0.00010888731968122668,5.444365984061334e-05,0.00043554927872490673,0.0,0.014754231816806216,0.0,0.0
285,P09A02,SEHE32_7_DP-,48,48,"['1', '4', '9', '12']",0.0028860576923076925,0.0,0.0,0.009188942307692308,0.0,0.0,0.0,0.0,0.03453317307692308,0.0,0.0,0.008226923076923076,0.0,0.0
286,P09A07,SEHE32_10_DP,48,48,"['1', '2', '3', '4', '9']",0.003405078597339781,0.00021281741233373632,0.00010640870616686816,0.013194679564691652,0.0,0.0,0.0,0.0,0.02660217654171704,0.0,0.0,0.0,0.0,0.0
287,P09A08,SEHE32_10_DP-,48,48,"['1', '2', '4', '9']",0.003526873857404021,0.00027129798903107854,0.0,0.012285923217550272,0.0,0.0,0.0,0.0,0.025695795246800723,0.0,0.0,0.0,0.0,0.0
288,P09B02,SEHE32_7_DP-,24,48,"['1', '4', '9', '12']",0.012402939904885425,0.0,0.0,0.004907911802853436,0.0,0.0,0.0,0.0,0.02145784695201037,0.0,0.0,0.004907911802853436,0.0,0.0
289,P09A09,SEHE32_11_DP,48,48,"['1', '3', '6', '7', '8']",0.0024188750978418874,0.0,9.303365760930337e-05,0.0,0.0,0.07570148719669015,0.004679592977747959,0.0002046740467404674,0.0,0.0,0.0,0.0,0.0,0.0
290,P09A05,SEHE32_9_DP,48,48,"['1', '2', '3', '4', '14']",0.00994339622641509,0.0007018867924528298,0.0008188679245283015,0.024098113207547157,0.0,0.0,0.0,0.0,0.0,0.0,0.0,0.0,0.0,0.00011698113207547165
291,P09B01,SEHE32_7_DP,24,48,"['1', '3', '4', '9', '12']",0.23533133612941878,0.0,0.0,0.00036668663870581184,0.0,0.0,0.0,0.0,0.001772318753744757,0.0,0.0,0.0003870581186339125,0.0,0.0
292,P09A12,SEHE32_12_DP-,48,48,"['1', '2', '4', '5', '6', '7', '8', '9', '10', '11', '12', '13', '14']",0.0016197636949516648,7.475832438238452e-05,0.0,0.003937271750805585,2.491944146079484e-05,0.0003737916219119227,0.0111140708915145,9.967776584317936e-05,0.022776369495166485,4.983888292158968e-05,0.0005980665950590762,0.004236305048335123,0.00077250268528464,0.0
293,P09A10,SEHE32_11_DP-,48,48,"['1', '6', '7', '8']",0.015875038284839202,0.0,0.0,0.0,0.0,0.0016992343032159267,0.026466156202143952,0.0010009188361408882,0.0,0.0,0.0,0.0,0.0,0.0
294,P09A03,SEHE32_8_DP,48,48,"['1', '3', '4', '6', '8']",0.001927917722462364,0.0,8.203905201967506e-05,0.0012921150693098822,0.0,0.06490314502906544,0.0,0.0004307050231032941,0.0,0.0,0.0,0.0,0.0,0.0
296,P09B03,SEHE32_8_DP,24,48,"['1', '3', '4', '6', '8']",0.0004799276127280953,0.0,5.646207208565827e-05,0.0003105413964711205,0.0,0.37335545166641537,0.0,0.00011292414417131655,0.0,0.0,0.0,0.0,0.0,0.0
297,P09A01,SEHE32_7_DP,48,48,"['1', '3', '4', '9', '12']",0.003708382066276803,0.0,9.590643274853801e-05,0.007640545808966862,0.0,0.0,0.0,0.0,0.030562183235867447,0.0,0.0,0.006841325536062378,0.0,0.0
298,P09A04,SEHE32_8_DP-,48,48,"['1', '4', '6', '8']",0.022961651917404135,0.0,0.0,0.013339233038348086,0.0,0.0028082595870206496,0.0,0.0022713864306784667,0.0,0.0,0.0,0.0,0.0,0.0
299,P09A11,SEHE32_12_DP,48,48,"['1', '2', '3', '4', '5', '6', '7', '8', '9', '10', '11', '12', '13', '14']",0.0015480245829675152,0.00012221246707638277,0.0,0.004481123792800703,0.00012221246707638277,0.0004073748902546093,0.0096955223880597,0.00024442493415276553,0.022527831431079892,4.073748902546093e-05,0.0009369622475856013,0.00480702370500439,0.0009776997366110621,0.0
300,P09B04,SEHE32_8_DP-,24,48,"['1', '4', '6', '8']",0.0018111809460800532,0.0,0.0,0.0010334987319439851,0.0,0.08815437203660825,0.0,0.0017600176425184699,0.0,0.0,0.0,0.0,0.0,0.0
301,P09B05,SEHE32_9_DP,24,48,"['1', '2', '3', '4', '14']",0.017460627177700343,0.000903135888501742,0.0002257839721254355,0.02257839721254355,0.0,0.0,0.0,0.0,0.0,0.0,0.0,0.0,0.0,0.000451567944250871
302,P09B06,SEHE32_9_DP-,24,48,"['1', '2', '4', '14']",0.0514950712214799,3.3026597756208245e-05,0.0,0.0008058489852514812,0.0,0.0,0.0,0.0,0.0,0.0,0.0,0.0,0.0,6.605319551241649e-06
303,P09B07,SEHE32_10_DP,24,48,"['1', '2', '3', '4', '9']",0.08852337470112719,5.214619150631903e-05,2.0858476602527608e-05,0.0010533530684276443,0.0,0.0,0.0,0.0,0.0018981213708300123,0.0,0.0,0.0,0.0,0.0
304,P09C10,SEHE32_11_DP-,12,48,"['1', '6', '7', '8']",0.01806242358863718,0.0,0.0,0.0,0.0,0.2912819489392305,0.2543960445882776,0.000253685724559511,0.0,0.0,0.0,0.0,0.0,0.0
305,P09B08,SEHE32_10_DP-,24,48,"['1', '2', '4', '9']",0.06164286129688863,5.82727537074731e-05,0.0,0.00137912183774353,0.0,0.0,0.0,0.0,0.00360319860424542,0.0,0.0,0.0,0.0,0.0
306,P09C05,SEHE32_9_DP,12,48,"['1', '2', '3', '4', '14']",0.31735545486232136,8.33391425583827e-05,2.7779714186127568e-05,0.0009722899965144649,0.0,0.0,0.0,0.0,0.0,0.0,0.0,0.0,0.0,0.000194457999302893
307,P09D04,SEHE32_8_DP-,6,48,"['1', '4', '6', '8']",0.12349059199689952,0.0,0.0,0.0001794399767464393,0.0,0.2447561282821432,0.0,0.0018661757581629687,0.0,0.0,0.0,0.0,0.0,0.0
308,P09B09,SEHE32_11_DP,24,48,"['1', '3', '6', '7', '8']",0.0004681808880703908,0.0,2.3409044403519536e-05,0.0,0.0,0.3417252302025782,0.0008193165541231838,0.0,0.0,0.0,0.0,0.0,0.0,0.0
309,P09D03,SEHE32_8_DP,6,48,"['1', '3', '4', '6', '8']",0.12500484108608714,0.0,0.0,0.0002157580860169789,0.0,0.256994850206974,0.0,0.001860913491896443,0.0,0.0,0.0,0.0,0.0,0.0
310,P09B10,SEHE32_11_DP-,24,48,"['1', '6', '7', '8']",0.000694206549118388,0.0,0.0,0.0,0.0,0.2729750314861461,0.001843986146095718,2.1693954659949624e-05,0.0,0.0,0.0,0.0,0.0,0.0
311,P09C06,SEHE32_9_DP-,12,48,"['1', '2', '4', '14']",0.3075770297029703,3.821782178217822e-05,0.0,0.0008790099009900991,0.0,0.0,0.0,0.0,0.0,0.0,0.0,0.0,0.0,3.821782178217822e-05
312,P09C12,SEHE32_12_DP-,12,48,"['1', '2', '4', '5', '6', '7', '8', '9', '10', '11', '12', '13', '14']",0.03064616980961834,0.0,0.0,0.0,0.0,0.3229769015609492,0.28651551926373725,0.0,0.0,0.001453803121898403,5.8152124875936125e-05,0.001977172245781828,0.0006978254985112335,0.0
313,P09B11,SEHE32_12_DP,24,48,"['1', '2', '3', '4', '5', '6', '7', '8', '9', '10', '11', '12', '13', '14']",0.00026226933647428347,8.742311215809449e-06,0.0,0.0005595079178118047,3.4969244863237796e-05,0.06115246695458709,0.0012326658814291323,8.742311215809449e-06,0.0026751472320376913,0.0,9.616542337390393e-05,0.0004895694280853291,0.00020107315796361733,8.742311215809449e-06
314,P09C11,SEHE32_12_DP,12,48,"['1', '2', '3', '4', '5', '6', '7', '8', '9', '10', '11', '12', '13', '14']",0.033547709207823524,0.0,0.0,0.0,0.0,0.3630779137268911,0.1037754577118871,0.0,0.0,0.0,0.007444958471019022,4.539608823792087e-05,9.079217647584175e-05,0.0
315,P09D06,SEHE32_9_DP-,6,48,"['1', '2', '4', '14']",0.21442418351477446,0.0,0.0,6.263608087091758e-05,0.0,0.0,0.0,0.0,0.0,0.0,0.0,0.0,0.0,0.00014615085536547433
316,P09B12,SEHE32_12_DP-,24,48,"['1', '2', '4', '5', '6', '7', '8', '9', '10', '11', '12', '13', '14']",7.519940179461616e-05,0.0,0.0,7.519940179461616e-05,2.5066467264872052e-05,0.3006973413094052,0.00017546527085410436,0.0,0.0003258640744433367,2.5066467264872052e-05,7.519940179461616e-05,0.0001503988035892323,2.5066467264872052e-05,0.0
317,P09C07,SEHE32_10_DP,12,48,"['1', '2', '3', '4', '9']",0.2620372531777121,0.0,2.1104804540730678e-05,0.0006542489407626509,0.0,0.0,0.0,0.0,0.0011607642497401872,0.0,0.0,0.0,0.0,0.0
318,P09D01,SEHE32_7_DP,6,48,"['1', '3', '4', '9', '12']",0.2163229895104895,0.0,0.0,0.06252928321678321,0.0,0.0,0.0,0.0,0.0,0.0,0.0,0.6462371066433567,0.0,0.0
319,P09C01,SEHE32_7_DP,12,48,"['1', '3', '4', '9', '12']",0.2663911452871956,0.0,9.236863567517185e-05,0.010807130373995106,0.0,0.0,0.0,0.0,0.0001847372713503437,0.0,0.0,0.5146780379820575,0.0,0.0
320,P09C08,SEHE32_10_DP-,12,48,"['1', '2', '4', '9']",0.2611905824039653,2.5240682489753123e-05,0.0,0.0009843866171003717,0.0,0.0,0.0,0.0,0.0021202173291392625,0.0,0.0,0.0,0.0,0.0
321,P09C02,SEHE32_7_DP-,12,48,"['1', '4', '9', '12']",0.22794679698850878,0.0,0.0,0.0003710474177783648,0.0,0.0,0.0,0.0,0.0004947298903711531,0.0,0.0,0.7058558710870427,0.0,0.0
322,P09C03,SEHE32_8_DP,12,48,"['1', '3', '4', '6', '8']",0.102972402044293,0.0,0.0,0.00011881431005110731,0.0,0.47759392163543435,0.0,0.0,0.0,0.0,0.0,0.0,0.0,0.0
323,P09C09,SEHE32_11_DP,12,48,"['1', '3', '6', '7', '8']",0.020776689274051748,0.0,0.0,0.0,0.0,0.34375081637779453,0.2228816880180859,0.00029540316503391103,0.0,0.0,0.0,0.0,0.0,0.0
324,P09D02,SEHE32_7_DP-,6,48,"['1', '4', '9', '12']",0.21518710985915496,0.0,0.0,0.058445881690140845,0.0,0.0,0.0,0.0,0.0005534647887323944,0.0,0.0,0.7063317633802817,0.0,0.0
325,P09D07,SEHE32_10_DP,6,48,"['1', '2', '3', '4', '9']",0.18685166711361403,0.0,0.0,0.03505211406096362,0.0,0.0,0.0,0.0,0.0008165549298292661,0.0,0.0,0.0,0.0,0.0
326,P09C04,SEHE32_8_DP-,12,48,"['1', '4', '6', '8']",0.13696216216216214,0.0,0.0,0.0001662162162162162,0.0,0.44817432432432425,0.0,0.004931081081081081,0.0,0.0,0.0,0.0,0.0,0.0
327,P09D05,SEHE32_9_DP,6,48,"['1', '2', '3', '4', '14']",0.21393270524899058,4.336473755047106e-05,2.890982503364737e-05,0.0004336473755047106,0.0,0.0,0.0,0.0,0.0,0.0,0.0,0.0,0.0,0.0003180080753701211
328,P09E05,SEHE32_9_DP,3,48,"['1', '2', '3', '4', '14']",0.1812389904522241,0.0,0.0020081415143216636,0.0445841166456961,0.0,0.0,0.0,0.0,0.0,0.0,0.0,0.0,0.0,6.75005551032492e-05
330,P09D09,SEHE32_11_DP,6,48,"['1', '3', '6', '7', '8']",0.03584664031620553,0.0,0.0,0.0,0.0,0.3145818181818182,0.3702640316205534,0.0002592885375494071,0.0,0.0,0.0,0.0,0.0,0.0
331,P09E06,SEHE32_9_DP-,3,48,"['1', '2', '4', '14']",0.1661345886493621,0.0,0.0,0.050759630444346684,0.0,0.0,0.0,0.0,0.0,0.0,0.0,0.0,0.0,0.00011466783985921691
332,P09D10,SEHE32_11_DP-,6,48,"['1', '6', '7', '8']",0.04313704326285057,0.0,0.0,0.0,0.0,0.305446978678227,0.3419757940369813,0.0006730602494912854,0.0,0.0,0.0,0.0,0.0,0.0
333,P09E11,SEHE32_12_DP,3,48,"['1', '2', '3', '4', '5', '6', '7', '8', '9', '10', '11', '12', '13', '14']",0.07031373743527261,0.0,0.0,0.0001413341455985379,0.0,0.1809783734389278,0.36231008224185196,0.0004946695095948827,0.0,0.007702710935120317,0.012649406031069144,0.010246725555894,0.048618946085897036,7.066707279926895e-05
334,P09F06,SEHE32_9_DP-,0,48,"['1', '2', '4', '14']",0.17155374292304465,0.04064516670161459,0.0,0.13422738519605784,0.0,0.0,0.0,0.0,0.0,0.0,0.0,0.0,0.0,0.04396397567624239
335,P09D11,SEHE32_12_DP,6,48,"['1', '2', '3', '4', '5', '6', '7', '8', '9', '10', '11', '12', '13', '14']",0.06699574468085107,0.0,0.0,6.808510638297872e-05,0.0,0.27901276595744684,0.3110127659574468,0.00020425531914893618,0.0,0.0027914893617021277,0.01967659574468085,0.029208510638297873,0.002995744680851064,0.0
336,P09E07,SEHE32_10_DP,3,48,"['1', '2', '3', '4', '9']",0.1739066961000736,0.0006216335540838851,0.0065742457689477556,0.04899602649006623,0.0,0.0,0.0,0.0,0.0002260485651214128,0.0,0.0,0.0,0.0,0.0
337,P09F02,SEHE32_7_DP-,0,48,"['1', '4', '9', '12']",0.037429425056490086,0.0,0.0,0.16390574943509917,0.0,0.0,0.0,0.0,0.04188852623650515,0.0,0.0,0.8329060507155411,0.0,0.0
338,P09D12,SEHE32_12_DP-,6,48,"['1', '2', '4', '5', '6', '7', '8', '9', '10', '11', '12', '13', '14']",0.07485728575550639,6.648071559103586e-05,0.0,0.0,0.0,0.24511439838414925,0.3052794459940367,0.00013296143118207173,6.648071559103586e-05,0.002592747908050399,0.02619340194286813,0.031312417043377894,0.004387727229008367,0.0
339,P09E12,SEHE32_12_DP-,3,48,"['1', '2', '4', '5', '6', '7', '8', '9', '10', '11', '12', '13', '14']",0.07023832694895951,0.0,0.0,0.0002531110881043586,6.327777202608965e-05,0.1400337094937364,0.32518447044207477,0.0001265555440521793,0.00018983331607826896,0.010124443524174345,0.010504110156330883,0.010250999068226524,0.04359838492597577,0.0
340,P09F08,SEHE32_10_DP-,0,48,"['1', '2', '4', '9']",0.058725761772853186,0.0746814404432133,0.0,0.1669584487534626,0.0,0.0,0.0,0.0,0.14679224376731304,0.0,0.0,0.0,0.0,0.0
341,P09E01,SEHE32_7_DP,3,48,"['1', '3', '4', '9', '12']",0.20253184204519517,0.0,0.00040264779730655103,0.12260625427984478,0.0,0.0,0.0,0.0,0.00040264779730655103,0.0,0.0,0.5552513124857338,0.0,0.0
342,P09E08,SEHE32_10_DP-,3,48,"['1', '2', '4', '9']",0.16396376718014943,0.0004440180795129601,0.0,0.054109657780647545,0.0,0.0,0.0,0.0,0.00022200903975648004,0.0,0.0,0.0,0.0,0.0
343,P09F03,SEHE32_8_DP,0,48,"['1', '3', '4', '6', '8']",0.12043833169129721,0.0,0.04062250246305419,0.006467625615763547,0.0,0.0722097077175698,0.0,0.12874692939244664,0.0,0.0,0.0,0.0,0.0,0.0
344,P09E02,SEHE32_7_DP-,3,48,"['1', '4', '9', '12']",0.19158226488401323,0.0,0.0,0.11319378356759226,0.0,0.0,0.0,0.0,0.00040827334018969256,0.0,0.0,0.586382584847446,0.0,0.0
345,P09E09,SEHE32_11_DP,3,48,"['1', '3', '6', '7', '8']",0.08413094088714819,0.0,0.0,0.0,0.0,0.278061062027507,0.390350960925403,0.006434356498770379,0.0,0.0,0.0,0.0,0.0,0.0
346,P09E03,SEHE32_8_DP,3,48,"['1', '3', '4', '6', '8']",0.13406859350026637,0.0,0.0007159563132658498,0.0007852424080980287,0.0,0.20543327117741075,0.0,0.005358124667021844,0.0,0.0,0.0,0.0,0.0,0.0
347,P09F05,SEHE32_9_DP,0,48,"['1', '2', '3', '4', '14']",0.11336626086956518,0.0682422857142857,0.021016645962732915,0.26913669565217385,0.0,0.0,0.0,0.0,0.0,0.0,0.0,0.0,0.0,0.02472546583850931
348,P09E04,SEHE32_8_DP-,3,48,"['1', '4', '6', '8']",0.1282116119854183,0.0,0.0,0.0014068107050769093,0.0,0.2217005779318929,0.0,0.008153107495332088,0.0,0.0,0.0,0.0,0.0,0.0
349,P09E10,SEHE32_11_DP-,3,48,"['1', '6', '7', '8']",0.08421974540311174,0.0,0.0,0.0,0.0,0.23632690240452617,0.36659202263083446,0.007805412541254125,0.0,0.0,0.0,0.0,0.0,0.0
350,P09F04,SEHE32_8_DP-,0,48,"['1', '4', '6', '8']",0.14262295081967213,0.0,0.0,0.005901639344262296,0.0,0.0857704918032787,0.0,0.12150819672131148,0.0,0.0,0.0,0.0,0.0,0.0
351,P09F09,SEHE32_11_DP,0,48,"['1', '3', '6', '7', '8']",0.14745710261133382,0.0,0.03142706685448044,0.0,0.0,0.23358248997724565,0.5143599523241955,0.07579469064904107,0.0,0.0,0.0,0.0,0.0,0.0
352,P09F01,SEHE32_7_DP,0,48,"['1', '3', '4', '9', '12']",0.03385511520737327,0.0,0.04239123399897593,0.07877824884792625,0.0,0.0,0.0,0.0,0.016204157706093188,0.0,0.0,0.5343755043522784,0.0,0.0
353,P09F07,SEHE32_10_DP,0,48,"['1', '2', '3', '4', '9']",0.060947446610956364,0.13868969359331476,0.022186815227483753,0.22558068709377904,0.0,0.0,0.0,0.0,0.027357845868152278,0.0,0.0,0.0,0.0,0.0
354,P09G07,SEHE32_10_DP,18,48,"['1', '2', '3', '4', '9']",0.3244325800915332,0.0,0.0,0.00032557208237986274,0.0,0.0,0.0,0.0,0.00030231693363844396,0.0,0.0,0.0,0.0,0.0
355,P09F10,SEHE32_11_DP-,0,48,"['1', '6', '7', '8']",0.09293831571272329,0.0,0.0,0.0,0.0,0.1488555596062705,0.3676398104265403,0.0952521327014218,0.0,0.0,0.0,0.0,0.0,0.0
356,P09F11,SEHE32_12_DP,0,48,"['1', '2', '3', '4', '5', '6', '7', '8', '9', '10', '11', '12', '13', '14']",0.029665210303227912,0.011429453320291274,0.045204129985871096,0.031976785132050864,0.15359130529290296,0.07730933594174547,0.08552826866644929,0.04674517987175307,0.014639973915878709,0.21561856319965222,0.22435117921965003,0.0703746114552766,0.11403769155526572,0.05085464623410499
357,P09G08,SEHE32_10_DP-,18,48,"['1', '2', '4', '9']",0.31166230282421836,2.950788703126476e-05,0.0,0.0003245867573439124,0.0,0.0,0.0,0.0,0.0003245867573439124,0.0,0.0,0.0,0.0,0.0
358,P09F12,SEHE32_12_DP-,0,48,"['1', '2', '4', '5', '6', '7', '8', '9', '10', '11', '12', '13', '14']",0.024092005929980613,0.010517322385676816,0.0,0.031796556049720606,0.10211586269814119,0.08927494583190786,0.08597299578059073,0.06787341772151899,0.00819372790512031,0.1833193750712738,0.19102392519101383,0.0624924620823355,0.1522565856996237,0.054787911962595505
361,P09G01,SEHE32_7_DP,18,48,"['1', '3', '4', '9', '12']",0.3092412740797254,0.0,2.9677665458706854e-05,0.0004154873164218959,0.0,0.0,0.0,0.0,0.0012761396147243946,0.0,0.0,0.00014838832729353426,0.0,0.0
362,P09G09,SEHE32_11_DP,18,48,"['1', '3', '6', '7', '8']",0.009153311992120166,0.0,0.0,0.0,0.0,0.43808388738405973,0.10710741196749568,0.00013661659689731594,0.0,0.0,0.0,0.0,0.0,0.0
364,P09G02,SEHE32_7_DP-,18,48,"['1', '4', '9', '12']",0.3420427885020652,0.0,0.0,0.00017358172469021324,0.0,0.0,0.0,0.0,0.0007232571862092218,0.0,0.0,0.0002025120121385821,0.0,0.0
367,P09G03,SEHE32_8_DP,18,48,"['1', '3', '4', '6', '8']",0.00023229658428214383,0.0,3.318522632602055e-05,0.0001327409053040822,0.0,0.4773694806998056,0.0,0.0,0.0,0.0,0.0,0.0,0.0,0.0
368,P09G10,SEHE32_11_DP-,18,48,"['1', '6', '7', '8']",0.0001326602725896012,0.0,0.0,0.0,0.0,0.45113336698637047,0.07066370519939424,0.0033607269056032305,0.0,0.0,0.0,0.0,0.0,0.0
370,P09G04,SEHE32_8_DP-,18,48,"['1', '4', '6', '8']",0.00012979613638386894,0.0,0.0,0.0,0.0,0.4857836731060269,0.0,4.326537879462298e-05,0.0,0.0,0.0,0.0,0.0,0.0
371,P09G11,SEHE32_12_DP,18,48,"['1', '2', '3', '4', '5', '6', '7', '8', '9', '10', '11', '12', '13', '14']",8.978622327790975e-05,0.0,0.0,0.0001346793349168646,0.0,0.5104795724465558,0.018226603325415675,0.0,0.00022446555819477434,0.0,0.0,0.0,0.0,0.0
372,P09G05,SEHE32_9_DP,18,48,"['1', '2', '3', '4', '14']",0.015263999999999996,0.0007199999999999998,0.0007199999999999998,0.02447999999999999,0.0,0.0,0.0,0.0,0.0,0.0,0.0,0.0,0.0,0.0
374,P09G06,SEHE32_9_DP-,18,48,"['1', '2', '4', '14']",0.011148235294117643,0.000969411764705882,0.0,0.026981960784313717,0.0,0.0,0.0,0.0,0.0,0.0,0.0,0.0,0.0,0.0
380,P25A01,SEHE32_1_DP,48,48,"['1', '3', '6']",0.0200237037037037,0.0,0.0018370370370370363,0.0,0.0,0.0027555555555555545,0.0,0.0,0.0,0.0,0.0,0.0,0.0,0.0
381,P25A11,SEHE32_6_DP,48,48,"['1', '3', '4', '7']",0.0030768526989935936,0.0,2.0860018298261656e-05,0.0007509606587374195,0.0,0.0,0.018888746569075927,0.0,0.0,0.0,0.0,0.0,0.0,0.0
382,P25A02,SEHE32_1_DP-,48,48,"['1', '6']",0.03326034482758619,0.0,0.0,0.0,0.0,0.006965517241379308,0.0,0.0,0.0,0.0,0.0,0.0,0.0,0.0
383,P25A03,SEHE32_2_DP,48,48,"['1', '3', '4']",0.011621238938053094,0.0,0.0011858407079646013,0.013755752212389376,0.0,0.0,0.0,0.0,0.0,0.0,0.0,0.0,0.0,0.0
384,P25A12,SEHE32_6_DP-,48,48,"['1', '4', '7']",0.0020751173708920185,0.0,0.0,0.008056338028169012,0.0,0.0,0.015868544600938964,0.0,0.0,0.0,0.0,0.0,0.0,0.0
385,P25A04,SEHE32_2_DP-,48,48,"['1', '4']",0.010490829694323148,0.0,0.0,0.014986899563318784,0.0,0.0,0.0,0.0,0.0,0.0,0.0,0.0,0.0,0.0
386,P25B05,SEHE32_3_DP,24,48,"['1', '3', '4', '12']",0.21378854564387365,0.0,0.0,0.0004844151336341548,0.0,0.0,0.0,0.0,0.0,0.0,0.0,0.2506040958000694,0.0,0.0
387,P25B12,SEHE32_6_DP-,24,48,"['1', '4', '7']",0.02124751381215469,0.0,0.0,0.00180147329650092,0.0,0.0,0.0035289134438305694,0.0,0.0,0.0,0.0,0.0,0.0,0.0
388,P25A05,SEHE32_3_DP,48,48,"['1', '3', '4', '12']",0.006000000000000001,0.0,0.00026666666666666673,0.010266666666666669,0.0,0.0,0.0,0.0,0.0,0.0,0.0,0.012533333333333336,0.0,0.0
389,P25B01,SEHE32_1_DP,24,48,"['1', '3', '6']",0.020819565217391305,0.0,0.0011934782608695653,0.0,0.0,0.0022543478260869565,0.0,0.0,0.0,0.0,0.0,0.0,0.0,0.0
390,P25B08,SEHE32_4_DP-,24,48,"['1', '6', '8']",0.0008101010101010101,0.0,0.0,0.0,0.0,0.480389898989899,0.0,0.0,0.0,0.0,0.0,0.0,0.0,0.0
392,P25B06,SEHE32_3_DP-,24,48,"['1', '4', '12']",0.009719999999999994,0.0,0.0,0.010367999999999995,0.0,0.0,0.0,0.0,0.0,0.0,0.0,0.011987999999999993,0.0,0.0
393,P25C02,SEHE32_1_DP-,12,48,"['1', '6']",0.14897072408404236,0.0,0.0,0.0,0.0,0.23729196040979333,0.0,0.0,0.0,0.0,0.0,0.0,0.0,0.0
394,P25A07,SEHE32_4_DP,48,48,"['1', '3', '6', '8']",0.02637037037037036,0.0,0.0016952380952380945,0.0,0.0,0.0037671957671957653,0.0,0.0028253968253968242,0.0,0.0,0.0,0.0,0.0,0.0
395,P25B02,SEHE32_1_DP-,24,48,"['1', '6']",0.0038536865624002555,0.0,0.0,0.0,0.0,0.11918902010852218,0.0,0.0,0.0,0.0,0.0,0.0,0.0,0.0
396,P25B09,SEHE32_5_DP,24,48,"['1', '3', '4', '6']",0.08337730870712401,0.0,0.0,0.0007915567282321899,0.0,0.4158311345646438,0.0,0.0,0.0,0.0,0.0,0.0,0.0,0.0
398,P25B03,SEHE32_2_DP,24,48,"['1', '3', '4']",0.31854235860409147,0.0,0.0,0.000769193742478941,0.0,0.0,0.0,0.0,0.0,0.0,0.0,0.0,0.0,0.0
399,P25A09,SEHE32_5_DP,48,48,"['1', '3', '4', '6']",0.015429411764705874,0.0,0.0010960784313725483,0.01424901960784313,0.0,0.002950980392156861,0.0,0.0,0.0,0.0,0.0,0.0,0.0,0.0
400,P25B11,SEHE32_6_DP,24,48,"['1', '3', '4', '7']",0.016604500792393024,0.0,0.0,0.0,0.0,0.0,0.47284031695721074,0.0,0.0,0.0,0.0,0.0,0.0,0.0
401,P25A10,SEHE32_5_DP-,48,48,"['1', '4', '6']",0.011243835616438356,0.0,0.0,0.010783561643835616,0.0,0.0018410958904109588,0.0,0.0,0.0,0.0,0.0,0.0,0.0,0.0
402,P25B04,SEHE32_2_DP-,24,48,"['1', '4']",0.09215372424722662,0.0,0.0,0.00140919175911252,0.0,0.0,0.0,0.0,0.0,0.0,0.0,0.0,0.0,0.0
403,P25B10,SEHE32_5_DP-,24,48,"['1', '4', '6']",0.015833183856502234,0.0,0.0,0.01485381165919282,0.0,0.003917488789237667,0.0,0.0,0.0,0.0,0.0,0.0,0.0,0.0
404,P25C03,SEHE32_2_DP,12,48,"['1', '3', '4']",0.23961250550418317,0.0,0.0,0.0001409070893879348,0.0,0.0,0.0,0.0,0.0,0.0,0.0,0.0,0.0,0.0
405,P25B07,SEHE32_4_DP,24,48,"['1', '3', '6', '8']",0.13102986317668056,0.0,0.0,0.0,0.0,0.24833932183224275,0.0,0.00503081499107674,0.0,0.0,0.0,0.0,0.0,0.0
406,P25C01,SEHE32_1_DP,12,48,"['1', '3', '6']",0.17419757502273414,0.0,0.0,0.0,0.0,0.15250336465595635,0.0,0.0,0.0,0.0,0.0,0.0,0.0,0.0
407,P25D01,SEHE32_1_DP,6,48,"['1', '3', '6']",0.1291832979917675,0.0,0.0,0.0,0.0,0.15616033428963455,0.0,0.0,0.0,0.0,0.0,0.0,0.0,0.0
408,P25C04,SEHE32_2_DP-,12,48,"['1', '4']",0.3069522027555707,0.0,0.0,0.0009954073822078587,0.0,0.0,0.0,0.0,0.0,0.0,0.0,0.0,0.0,0.0
409,P25C05,SEHE32_3_DP,12,48,"['1', '3', '4', '12']",0.17766526997104407,0.0,0.0,0.08475639584397887,0.0,0.0,0.0,0.0,0.0,0.0,0.0,0.1675297564299097,0.0,0.0
410,P25D02,SEHE32_1_DP-,6,48,"['1', '6']",0.11384567257559958,0.0,0.0,0.0,0.0,0.16230728437360345,0.0,0.0,0.0,0.0,0.0,0.0,0.0,0.0
411,P25C06,SEHE32_3_DP-,12,48,"['1', '4', '12']",0.19352333540759178,0.0,0.0,0.000567517112632234,0.0,0.0,0.0,0.0,0.0,0.0,0.0,0.261247044181705,0.0,0.0
412,P25D07,SEHE32_4_DP,6,48,"['1', '3', '6', '8']",0.18455341701534164,0.0,0.0006280613668061365,0.0,0.0,0.13290744769874474,0.0,0.027779637377963733,0.0,0.0,0.0,0.0,0.0,0.0
413,P25E02,SEHE32_1_DP-,3,48,"['1', '6']",0.11763487738419619,0.0,0.0,0.0,0.0,0.15737765667574932,0.0,0.0,0.0,0.0,0.0,0.0,0.0,0.0
414,P25C07,SEHE32_4_DP,12,48,"['1', '3', '6', '8']",0.1104583758853566,0.0,0.0002163729204414429,0.0,0.0,0.5392013177400757,0.0,0.006599374073464009,0.0,0.0,0.0,0.0,0.0,0.0
415,P25D03,SEHE32_2_DP,6,48,"['1', '3', '4']",0.18632724116553007,0.0,2.4649721016738997e-05,0.01227556106633602,0.0,0.0,0.0,0.0,0.0,0.0,0.0,0.0,0.0,0.0
416,P25D10,SEHE32_5_DP-,6,48,"['1', '4', '6']",0.12110532639167,0.0,0.0,0.002595114136964357,0.0,0.20004004805766917,0.0,0.0,0.0,0.0,0.0,0.0,0.0,0.0
417,P25C08,SEHE32_4_DP-,12,48,"['1', '6', '8']",0.15590819672131145,0.0,0.0,0.0,0.0,0.42387540983606553,0.0,0.014276477316050322,0.0,0.0,0.0,0.0,0.0,0.0
418,P25D08,SEHE32_4_DP-,6,48,"['1', '6', '8']",0.21272001864367282,0.0,0.0,0.0,0.0,0.08395982288510836,0.0,0.05362964343975764,0.0,0.0,0.0,0.0,0.0,0.0
419,P25E04,SEHE32_2_DP-,3,48,"['1', '4']",0.15492902767920513,0.0,0.0,0.0430709723207949,0.0,0.0,0.0,0.0,0.0,0.0,0.0,0.0,0.0,0.0
420,P25C09,SEHE32_5_DP,12,48,"['1', '3', '4', '6']",0.138289071680376,0.0,0.0,0.0,0.0,0.23498166862514683,0.0,0.0,0.0,0.0,0.0,0.0,0.0,0.0
421,P25D04,SEHE32_2_DP-,6,48,"['1', '4']",0.177464006092917,0.0,0.0,0.02997788271134806,0.0,0.0,0.0,0.0,0.0,0.0,0.0,0.0,0.0,0.0
422,P25D11,SEHE32_6_DP,6,48,"['1', '3', '4', '7']",0.15903846889952153,0.0,0.0,0.0788684073820916,0.0,0.0,0.19406479835953522,0.0,0.0,0.0,0.0,0.0,0.0,0.0
423,P25C10,SEHE32_5_DP-,12,48,"['1', '4', '6']",0.10152700324224177,0.0,0.0,0.00029513663733209816,0.0,0.5352794812413154,0.0,0.0,0.0,0.0,0.0,0.0,0.0,0.0
424,P25D05,SEHE32_3_DP,6,48,"['1', '3', '4', '12']",0.21956754984976778,0.0,9.877082764272056e-05,0.08326380770281344,0.0,0.0,0.0,0.0,0.0,0.0,0.0,0.417800600928708,0.0,0.0
425,P25C11,SEHE32_6_DP,12,48,"['1', '3', '4', '7']",0.21336214585079624,0.0,0.0,0.0001752221290863369,0.0,0.0,0.13439537300922044,0.0,0.0,0.0,0.0,0.0,0.0,0.0
426,P25E01,SEHE32_1_DP,3,48,"['1', '3', '6']",0.10938424045491472,0.0,0.00011161657189277012,0.0,0.0,0.165080909829407,0.0,0.0,0.0,0.0,0.0,0.0,0.0,0.0
427,P25C12,SEHE32_6_DP-,12,48,"['1', '4', '7']",0.08481015711791778,0.0,0.0,0.0004050150769719092,0.0,0.0,0.4250228217743215,0.0,0.0,0.0,0.0,0.0,0.0,0.0
428,P25D06,SEHE32_3_DP-,6,48,"['1', '4', '12']",0.22884218343854437,0.0,0.0,0.05520044559970293,0.0,0.0,0.0,0.0,0.0,0.0,0.0,0.5439640549572967,0.0,0.0
429,P25D12,SEHE32_6_DP-,6,48,"['1', '4', '7']",0.13413862018168426,0.0,0.0,0.014620230788116865,0.0,0.0,0.5014819052295605,0.0,0.0,0.0,0.0,0.0,0.0,0.0
430,P25E05,SEHE32_3_DP,3,48,"['1', '3', '4', '12']",0.1480110839445803,0.0,0.0010777506112469438,0.07077229013854931,0.0,0.0,0.0,0.0,0.0,0.0,0.0,0.6603018744906275,0.0,0.0
431,P25D09,SEHE32_5_DP,6,48,"['1', '3', '4', '6']",0.12668363449955147,0.0,3.962578495450468e-05,0.004596591054722543,0.0,0.17764239395104447,0.0,0.0,0.0,0.0,0.0,0.0,0.0,0.0
432,P25E03,SEHE32_2_DP,3,48,"['1', '3', '4']",0.17492171545268892,0.0,0.0005241660993873384,0.04447923757658271,0.0,0.0,0.0,0.0,0.0,0.0,0.0,0.0,0.0,0.0
433,P25F03,SEHE32_2_DP,0,48,"['1', '3', '4']",0.1379049350649351,0.0,0.046274025974025974,0.07220415584415585,0.0,0.0,0.0,0.0,0.0,0.0,0.0,0.0,0.0,0.0
434,P25E06,SEHE32_3_DP-,3,48,"['1', '4', '12']",0.15397277777777776,0.0,0.0,0.06743333333333332,0.0,0.0,0.0,0.0,0.0,0.0,0.0,0.5866699999999999,0.0,0.0
435,P25E07,SEHE32_4_DP,3,48,"['1', '3', '6', '8']",0.17983209677419354,0.0,0.040201129032258066,0.0,0.0,0.07811322580645161,0.0,0.05636741935483871,0.0,0.0,0.0,0.0,0.0,0.0
436,P25F04,SEHE32_2_DP-,0,48,"['1', '4']",0.1562302993280391,0.0,0.0,0.04976970067196091,0.0,0.0,0.0,0.0,0.0,0.0,0.0,0.0,0.0,0.0
437,P25E08,SEHE32_4_DP-,3,48,"['1', '6', '8']",0.2010556893203884,0.0,0.0,0.0,0.0,0.07994236893203885,0.0,0.043949359223300975,0.0,0.0,0.0,0.0,0.0,0.0
438,P25F09,SEHE32_5_DP,0,48,"['1', '3', '4', '6']",0.08620666870602631,0.0,0.06392854083817681,0.05896439278066687,0.0,0.18645824411134904,0.0,0.0,0.0,0.0,0.0,0.0,0.0,0.0
439,P25G04,SEHE32_2_DP-,18,48,"['1', '4']",0.04146005739629533,0.0,0.0,0.0013287764153404645,0.0,0.0,0.0,0.0,0.0,0.0,0.0,0.0,0.0,0.0
440,P25E09,SEHE32_5_DP,3,48,"['1', '3', '4', '6']",0.11816893063583815,0.0,0.005651011560693642,0.004269653179190752,0.0,0.21951040462427748,0.0,0.0,0.0,0.0,0.0,0.0,0.0,0.0
441,P25F05,SEHE32_3_DP,0,48,"['1', '3', '4', '12']",0.03992277150642273,0.0,0.04541938497469832,0.042237135072012454,0.0,0.0,0.0,0.0,0.0,0.0,0.0,0.6147528221097703,0.0,0.0
442,P25F12,SEHE32_6_DP-,0,48,"['1', '4', '7']",0.04164420935412027,0.0,0.0,0.27399387527839647,0.0,0.0,0.32582572383073494,0.0,0.0,0.0,0.0,0.0,0.0,0.0
443,P25E10,SEHE32_5_DP-,3,48,"['1', '4', '6']",0.12373787717429888,0.0,0.0,0.003383457578984735,0.0,0.21327866524671632,0.0,0.0,0.0,0.0,0.0,0.0,0.0,0.0
444,P25F10,SEHE32_5_DP-,0,48,"['1', '4', '6']",0.08861498150431567,0.0,0.0,0.03646196054254008,0.0,0.2410101726263872,0.0,0.0,0.0,0.0,0.0,0.0,0.0,0.0
445,P25G06,SEHE32_3_DP-,18,48,"['1', '4', '12']",0.0016971644612476374,0.0,0.0,0.002507750472589793,0.0,0.0,0.0,0.0,0.0,0.0,0.0,0.04939508506616259,0.0,0.0
446,P25E11,SEHE32_6_DP,3,48,"['1', '3', '4', '7']",0.08943426294820717,0.0,0.0008796812749003983,0.1237418326693227,0.0,0.0,0.5946645418326694,0.0,0.0,0.0,0.0,0.0,0.0,0.0
447,P25F06,SEHE32_3_DP-,0,48,"['1', '4', '12']",0.0501937984496124,0.0,0.0,0.10988372093023255,0.0,0.0,0.0,0.0,0.0,0.0,0.0,0.539922480620155,0.0,0.0
448,P25G01,SEHE32_1_DP,18,48,"['1', '3', '6']",0.025489494163424116,0.0,0.0,0.0,0.0,0.41952490272373527,0.0,0.0,0.0,0.0,0.0,0.0,0.0,0.0
449,P25E12,SEHE32_6_DP-,3,48,"['1', '4', '7']",0.06251196267910697,0.0,0.0,0.07018887037654116,0.0,0.0,0.6898249916694436,0.0,0.0,0.0,0.0,0.0,0.0,0.0
451,P25F01,SEHE32_1_DP,0,48,"['1', '3', '6']",0.1007523724792408,0.0,0.0613420521945433,0.0,0.0,0.2130829181494662,0.0,0.0,0.0,0.0,0.0,0.0,0.0,0.0
452,P25G03,SEHE32_2_DP,18,48,"['1', '3', '4']",0.33198568267603806,0.0,0.0,0.000780632565404139,0.0,0.0,0.0,0.0,0.0,0.0,0.0,0.0,0.0,0.0
453,P25F02,SEHE32_1_DP-,0,48,"['1', '6']",0.09975707898658719,0.0,0.0,0.0,0.0,0.2525429210134128,0.0,0.0,0.0,0.0,0.0,0.0,0.0,0.0
455,P25G02,SEHE32_1_DP-,18,48,"['1', '6']",0.08997872086072922,0.0,0.0,0.0,0.0,0.4603390316796174,0.0,0.0,0.0,0.0,0.0,0.0,0.0,0.0
456,P25G07,SEHE32_4_DP,18,48,"['1', '3', '6', '8']",0.0004412448013767388,0.0,7.354080022945647e-05,0.0,0.0,0.5121381327979347,0.0,7.354080022945647e-05,0.0,0.0,0.0,0.0,0.0,0.0
457,P25F11,SEHE32_6_DP,0,48,"['1', '3', '4', '7']",0.03136512083605486,0.0,0.029124755062050943,0.22381254082299148,0.0,0.0,0.4014735467015022,0.0,0.0,0.0,0.0,0.0,0.0,0.0
458,P25G05,SEHE32_3_DP,18,48,"['1', '3', '4', '12']",0.35812913963328624,0.0,5.071932299012693e-05,0.0008622284908321577,0.0,0.0,0.0,0.0,0.0,0.0,0.0,0.0003550352609308885,0.0,0.0
459,P25H05,SEHE32_3_DP,24,48,"['1', '3', '4', '12']",0.01653547738693467,0.0,0.0005905527638190954,0.012469748743718591,0.0,0.0,0.0,0.0,0.0,0.0,0.0,0.015513366834170851,0.0,0.0
460,P25G08,SEHE32_4_DP-,18,48,"['1', '6', '8']",0.04749697702539298,0.0,0.0,0.0,0.0,0.3414438935912938,0.0,0.0035622732769044737,0.0,0.0,0.0,0.0,0.0,0.0
461,P25G09,SEHE32_5_DP,18,48,"['1', '3', '4', '6']",0.06555379504216713,0.0,0.00015701507794531048,0.00031403015589062097,0.0,0.5479826220291336,0.0,0.0,0.0,0.0,0.0,0.0,0.0,0.0
462,P25H06,SEHE32_3_DP-,24,48,"['1', '4', '12']",0.007481570996978852,0.0,0.0,0.013427190332326285,0.0,0.0,0.0,0.0,0.0,0.0,0.0,0.011841691842900303,0.0,0.0
463,P25G10,SEHE32_5_DP-,18,48,"['1', '4', '6']",0.28392204628501827,0.0,0.0,0.0007917174177831912,0.0,0.11516443361753959,0.0,0.0,0.0,0.0,0.0,0.0,0.0,0.0
464,P25H11,SEHE32_6_DP,24,48,"['1', '3', '4', '7']",0.06960144442958405,0.0,0.0,0.0,0.0,0.0,0.4278657215460746,0.0,0.0,0.0,0.0,0.0,0.0,0.0
465,P25G11,SEHE32_6_DP,18,48,"['1', '3', '4', '7']",0.2630863791146425,0.0,0.0,0.0002717366628830874,0.0,0.0,0.055841884222474464,0.0,0.0,0.0,0.0,0.0,0.0,0.0
466,P25H07,SEHE32_4_DP,24,48,"['1', '3', '6', '8']",0.037035906976744186,0.0,0.0,0.0,0.0,0.14689578737541528,0.0,0.0036686511627906974,0.0,0.0,0.0,0.0,0.0,0.0
467,P25H12,SEHE32_6_DP-,24,48,"['1', '4', '7']",0.0042899598393574285,0.0,0.0,0.0028337349397590354,0.0,0.0,0.031997590361445775,0.0,0.0,0.0,0.0,0.0,0.0,0.0
468,P25H01,SEHE32_1_DP,24,48,"['1', '3', '6']",0.05203217681829863,0.0,5.314829092778206e-05,0.0,0.0,0.5677831919814957,0.0,0.0,0.0,0.0,0.0,0.0,0.0,0.0
469,P25H08,SEHE32_4_DP-,24,48,"['1', '6', '8']",0.08178262350936967,0.0,0.0,0.0,0.0,0.0011136529569238257,0.0,0.00030372353370649793,0.0,0.0,0.0,0.0,0.0,0.0
470,P25H02,SEHE32_1_DP-,24,48,"['1', '6']",0.05228832487309644,0.0,0.0,0.0,0.0,0.0004020304568527918,0.0,0.0,0.0,0.0,0.0,0.0,0.0,0.0
471,P25H09,SEHE32_5_DP,24,48,"['1', '3', '4', '6']",0.0971771254411293,0.0,0.0,5.0272698107154315e-05,0.0,0.3727217837664421,0.0,0.0,0.0,0.0,0.0,0.0,0.0,0.0
472,P25H03,SEHE32_2_DP,24,48,"['1', '3', '4']",0.29894742901594706,0.0,2.330610657331777e-05,0.0006292648774795799,0.0,0.0,0.0,0.0,0.0,0.0,0.0,0.0,0.0,0.0
473,P25H04,SEHE32_2_DP-,24,48,"['1', '4']",0.012136327608982825,0.0,0.0,0.01666367239101717,0.0,0.0,0.0,0.0,0.0,0.0,0.0,0.0,0.0,0.0
474,P25H10,SEHE32_5_DP-,24,48,"['1', '4', '6']",0.03603245172805451,0.0,0.0,0.0026523446373519386,0.0,0.0004961220184974849,0.0,0.0,0.0,0.0,0.0,0.0,0.0,0.0
475,P22A05,SEHE32_3_DP,46,48,"['1', '3', '4', '12']",0.00568421052631579,0.0,0.00031578947368421053,0.01105263157894737,0.0,0.0,0.0,0.0,0.0,0.0,0.0,0.017052631578947368,0.0,0.0
477,P22A10,SEHE32_5_DP-,46,48,"['1', '4', '6']",0.01643571428571429,0.0,0.0,0.012535714285714289,0.0,0.0019500000000000003,0.0,0.0,0.0,0.0,0.0,0.0,0.0,0.0
481,P22A11,SEHE32_6_DP,46,48,"['1', '3', '4', '7']",0.004685714285714286,0.0,0.0010412698412698414,0.011453968253968255,0.0,0.0,0.014057142857142858,0.0,0.0,0.0,0.0,0.0,0.0,0.0
484,P22B01,SEHE32_1_DP,22,48,"['1', '3', '6']",0.13379831158864158,0.0,0.0,0.0,0.0,0.34780168841135833,0.0,0.0,0.0,0.0,0.0,0.0,0.0,0.0
485,P22A03,SEHE32_2_DP,46,48,"['1', '3', '4']",0.012773076923076917,0.0,0.0009346153846153842,0.017134615384615377,0.0,0.0,0.0,0.0,0.0,0.0,0.0,0.0,0.0,0.0
486,P22A04,SEHE32_2_DP-,46,48,"['1', '4']",0.013377777777777771,0.0,0.0,0.018666666666666658,0.0,0.0,0.0,0.0,0.0,0.0,0.0,0.0,0.0,0.0
487,P22A09,SEHE32_5_DP,46,48,"['1', '3', '4', '6']",0.023318181818181818,0.0,0.0010363636363636365,0.0171,0.0,0.0036272727272727272,0.0,0.0,0.0,0.0,0.0,0.0,0.0,0.0
489,P22C07,SEHE32_4_DP,27,48,"['1', '3', '6', '8']",0.0006857362552864284,0.0,4.8981161091887745e-05,0.0,0.0,0.25377139561707035,0.0,9.796232218377549e-05,0.0,0.0,0.0,0.0,0.0,0.0
496,P22B06,SEHE32_3_DP-,22,48,"['1', '4', '12']",0.010786206896551725,0.0,0.0,0.009848275862068967,0.0,0.0,0.0,0.0,0.0,0.0,0.0,0.018758620689655173,0.0,0.0
499,P22B07,SEHE32_4_DP,22,48,"['1', '3', '6', '8']",0.03900555555555556,0.0,0.0013222222222222222,0.0,0.0,0.0026444444444444445,0.0,0.0026444444444444445,0.0,0.0,0.0,0.0,0.0,0.0
500,P22C08,SEHE32_4_DP-,27,48,"['1', '6', '8']",0.035563380281690135,0.0,0.0,0.0,0.0,0.007042253521126759,0.0,0.005985915492957745,0.0,0.0,0.0,0.0,0.0,0.0
503,P22C04,SEHE32_2_DP-,27,48,"['1', '4']",0.013842201834862386,0.0,0.0,0.02262018348623853,0.0,0.0,0.0,0.0,0.0,0.0,0.0,0.0,0.0,0.0
504,P22C10,SEHE32_5_DP-,27,48,"['1', '4', '6']",0.01653333333333333,0.0,0.0,0.017866666666666663,0.0,0.0031999999999999993,0.0,0.0,0.0,0.0,0.0,0.0,0.0,0.0
505,P22D03,SEHE32_2_DP,13,48,"['1', '3', '4']",0.3236765405405406,0.0,5.8594594594594605e-05,0.0011718918918918921,0.0,0.0,0.0,0.0,0.0,0.0,0.0,0.0,0.0,0.0
511,P22C01,SEHE32_1_DP,27,48,"['1', '3', '6']",0.08789684048291803,0.0,8.260981248394551e-05,0.0,0.0,0.07273793989211402,0.0,0.0,0.0,0.0,0.0,0.0,0.0,0.0
512,P22C06,SEHE32_3_DP-,27,48,"['1', '4', '12']",0.006877611940298505,0.0,0.0,0.016620895522388053,0.0,0.0,0.0,0.0,0.0,0.0,0.0,0.01375522388059701,0.0,0.0
513,P22C11,SEHE32_6_DP,27,48,"['1', '3', '4', '7']",0.0035728155339805824,0.0,0.0007145631067961164,0.011075728155339805,0.0,0.0,0.021079611650485434,0.0,0.0,0.0,0.0,0.0,0.0,0.0
515,P22E09,SEHE32_5_DP,3,48,"['1', '3', '4', '6']",0.09879123414071513,0.0,0.000736332179930796,0.0038043829296424453,0.0,0.21574532871972318,0.0,0.0,0.0,0.0,0.0,0.0,0.0,0.0
516,P22F04,SEHE32_2_DP-,0,48,"['1', '4']",0.17154988028731044,0.0,0.0,0.05005011971268954,0.0,0.0,0.0,0.0,0.0,0.0,0.0,0.0,0.0,0.0
521,P22F02,SEHE32_1_DP-,0,48,"['1', '6']",0.1361193338160753,0.0,0.0,0.0,0.0,0.28317682838522806,0.0,0.0,0.0,0.0,0.0,0.0,0.0,0.0
522,P22D08,SEHE32_4_DP-,13,48,"['1', '6', '8']",0.044968421052631574,0.0,0.0,0.0,0.0,0.4966704453441296,0.0,0.027576788124156544,0.0,0.0,0.0,0.0,0.0,0.0
523,P22E05,SEHE32_3_DP,3,48,"['1', '3', '4', '12']",0.1430003016591252,0.0,0.0,0.06691463046757165,0.0,0.0,0.0,0.0,0.0,0.0,0.0,0.6898660633484164,0.0,0.0
524,P22E11,SEHE32_6_DP,3,48,"['1', '3', '4', '7']",0.09877269426289033,0.0,0.0,0.17637981118373275,0.0,0.0,0.5014830791575889,0.0,0.0,0.0,0.0,0.0,0.0,0.0
526,P22E10,SEHE32_5_DP-,3,48,"['1', '4', '6']",0.09965744456177403,0.0,0.0,0.002239493136219641,0.0,0.18659049630411828,0.0,0.0,0.0,0.0,0.0,0.0,0.0,0.0
527,P22F03,SEHE32_2_DP,0,48,"['1', '3', '4']",0.1376892606222817,0.0,0.044553362328537974,0.049202408832385414,0.0,0.0,0.0,0.0,0.0,0.0,0.0,0.0,0.0,0.0
529,P22E06,SEHE32_3_DP-,3,48,"['1', '4', '12']",0.12064951856946354,0.0,0.0,0.04287317744154058,0.0,0.0,0.0,0.0,0.0,0.0,0.0,0.6351276478679505,0.0,0.0
530,P22E12,SEHE32_6_DP-,3,48,"['1', '4', '7']",0.10693909973521624,0.0,0.0,0.00958764342453663,0.0,0.0,0.7179669902912621,0.0,0.0,0.0,0.0,0.0,0.0,0.0
531,P22F05,SEHE32_3_DP,0,48,"['1', '3', '4', '12']",0.03150864446686848,0.0,0.042921224352505886,0.03250104271779347,0.0,0.0,0.0,0.0,0.0,0.0,0.0,0.6301728893373696,0.0,0.0
534,P22D12,SEHE32_6_DP-,13,48,"['1', '4', '7']",0.33254408060453405,0.0,0.0,0.0007052896725440807,0.0,0.0,0.0024685138539042822,0.0,0.0,0.0,0.0,0.0,0.0,0.0
535,P22E01,SEHE32_1_DP,3,48,"['1', '3', '6']",0.11988720930232558,0.0,0.0,0.0,0.0,0.1680936046511628,0.0,0.0,0.0,0.0,0.0,0.0,0.0,0.0
536,P22E02,SEHE32_1_DP-,3,48,"['1', '6']",0.12434691407825739,0.0,0.0,0.0,0.0,0.17916256555062526,0.0,0.0,0.0,0.0,0.0,0.0,0.0,0.0
538,P22E08,SEHE32_4_DP-,3,48,"['1', '6', '8']",0.18539228915662648,0.0,0.0,0.0,0.0,0.10914987951807227,0.0,0.04252240963855421,0.0,0.0,0.0,0.0,0.0,0.0
539,P22F01,SEHE32_1_DP,0,48,"['1', '3', '6']",0.10287508744656043,0.0,0.05532654488923436,0.0,0.0,0.218958103381267,0.0,0.0,0.0,0.0,0.0,0.0,0.0,0.0
540,P22F06,SEHE32_3_DP-,0,48,"['1', '4', '12']",0.04768615972001272,0.0,0.0,0.09295170219535476,0.0,0.0,0.0,0.0,0.0,0.0,0.0,0.61870976773783,0.0,0.0
541,P22G11,SEHE32_6_DP,18,48,"['1', '3', '4', '7']",0.33078603732162465,0.0,7.31503841931943e-05,0.0008046542261251374,0.0,0.0,0.0014630076838638862,0.0,0.0,0.0,0.0,0.0,0.0,0.0
543,P22F07,SEHE32_4_DP,0,48,"['1', '3', '6', '8']",0.18963019108280257,0.0,0.04483375796178344,0.0,0.0,0.05944624203821656,0.0,0.053136305732484075,0.0,0.0,0.0,0.0,0.0,0.0
544,P22F08,SEHE32_4_DP-,0,48,"['1', '6', '8']",0.22146458253907736,0.0,0.0,0.0,0.0,0.0679856652687762,0.0,0.04536637438048036,0.0,0.0,0.0,0.0,0.0,0.0
546,P22F09,SEHE32_5_DP,0,48,"['1', '3', '4', '6']",0.09306767549390502,0.0,0.05015889029003783,0.041577133249264396,0.0,0.1667524169819252,0.0,0.0,0.0,0.0,0.0,0.0,0.0,0.0
547,P22H04,SEHE32_2_DP-,9,48,"['1', '4']",0.26019924337957123,0.0,0.0,0.010943757881462799,0.0,0.0,0.0,0.0,0.0,0.0,0.0,0.0,0.0,0.0
548,P22F10,SEHE32_5_DP-,0,48,"['1', '4', '6']",0.0709201422567087,0.0,0.0,0.04449666989977368,0.0,0.23838318784351764,0.0,0.0,0.0,0.0,0.0,0.0,0.0,0.0
549,P22G07,SEHE32_4_DP,18,48,"['1', '3', '6', '8']",0.021902476190476187,0.0,0.0,0.0,0.0,0.5703289523809524,0.0,0.012968571428571428,0.0,0.0,0.0,0.0,0.0,0.0
551,P22F11,SEHE32_6_DP,0,48,"['1', '3', '4', '7']",0.04290954687945284,0.0,0.031556796808207464,0.17009883157594757,0.0,0.0,0.4304424052436591,0.0,0.0,0.0,0.0,0.0,0.0,0.0
553,P22F12,SEHE32_6_DP-,0,48,"['1', '4', '7']",0.037754379084967316,0.0,0.0,0.2870673202614379,0.0,0.0,0.3585549019607843,0.0,0.0,0.0,0.0,0.0,0.0,0.0
554,P22G08,SEHE32_4_DP-,18,48,"['1', '6', '8']",0.07236276816608996,0.0,0.0,0.0,0.0,0.6012945328719722,0.0,0.0071891349480968855,0.0,0.0,0.0,0.0,0.0,0.0
558,P22G09,SEHE32_5_DP,18,48,"['1', '3', '4', '6']",0.03990142773322902,0.0,0.0,0.0005132016428711128,0.0,0.6153287698024642,0.0,0.0,0.0,0.0,0.0,0.0,0.0,0.0
559,P22G02,SEHE32_1_DP-,18,48,"['1', '6']",0.03557912172573189,0.0,0.0,0.0,0.0,0.5990986132511555,0.0,0.0,0.0,0.0,0.0,0.0,0.0,0.0
560,P22G03,SEHE32_2_DP,18,48,"['1', '3', '4']",0.35095898589245544,0.0,0.0,0.0013689634021672459,0.0,0.0,0.0,0.0,0.0,0.0,0.0,0.0,0.0,0.0
561,P22G04,SEHE32_2_DP-,18,48,"['1', '4']",0.36003236994219645,0.0,0.0,0.0015676300578034677,0.0,0.0,0.0,0.0,0.0,0.0,0.0,0.0,0.0,0.0
563,P22G10,SEHE32_5_DP-,18,48,"['1', '4', '6']",0.1339271650629163,0.0,0.0,0.001505551443375277,0.0,0.00013382679496669127,0.0,0.0,0.0,0.0,0.0,0.0,0.0,0.0
564,P22H03,SEHE32_2_DP,9,48,"['1', '3', '4']",0.3018286499484713,0.0,0.0,0.0004155273102026795,0.0,0.0,0.0,0.0,0.0,0.0,0.0,0.0,0.0,0.0
566,P22H09,SEHE32_5_DP,9,48,"['1', '3', '4', '6']",0.11222724592097504,0.0,0.0,0.0,0.0,0.21757814035777473,0.0,0.0,0.0,0.0,0.0,0.0,0.0,0.0
568,P22H11,SEHE32_6_DP,9,48,"['1', '3', '4', '7']",0.2196038890889449,0.0,0.0,0.00018300324090745408,0.0,0.0,0.11883010442924019,0.0,0.0,0.0,0.0,0.0,0.0,0.0
